"STATION","month","year","date","precip_inch","t_max","t_min","t_at_obs_time","fog","glaze_rime","high_wind","thunder"
"GHCND:USC00193229",5,"2016",2016-05-01,0,69,42,46,-9999,-9999,-9999,-9999
"GHCND:USC00193229",5,"2016",2016-05-02,0.02,48,38,43,-9999,-9999,-9999,-9999
"GHCND:USC00193229",5,"2016",2016-05-03,0.52,49,42,47,-9999,-9999,-9999,-9999
"GHCND:USC00193229",5,"2016",2016-05-04,0.03,50,44,48,-9999,-9999,-9999,-9999
"GHCND:USC00193229",5,"2016",2016-05-05,0.12,49,45,48,-9999,-9999,-9999,-9999
"GHCND:USC00193229",5,"2016",2016-05-06,0,55,44,53,-9999,-9999,-9999,-9999
"GHCND:USC00193229",5,"2016",2016-05-07,0.55,67,48,49,-9999,-9999,-9999,-9999
"GHCND:USC00193229",5,"2016",2016-05-08,0.02,56,47,51,-9999,-9999,-9999,-9999
"GHCND:USC00193229",5,"2016",2016-05-09,0.05,63,48,50,-9999,-9999,-9999,-9999
"GHCND:USC00193229",5,"2016",2016-05-10,0,64,38,44,-9999,-9999,-9999,-9999
"GHCND:USC00193229",5,"2016",2016-05-11,0,74,34,47,-9999,-9999,-9999,-9999
"GHCND:USC00193229",5,"2016",2016-05-12,0,82,41,66,-9999,-9999,-9999,-9999
"GHCND:USC00193229",5,"2016",2016-05-13,0,83,53,54,-9999,-9999,-9999,-9999
"GHCND:USC00193229",5,"2016",2016-05-14,0.32,67,49,51,-9999,-9999,-9999,-9999
"GHCND:USC00193229",5,"2016",2016-05-15,0.16,75,47,48,-9999,-9999,-9999,-9999
"GHCND:USC00193229",5,"2016",2016-05-16,0,57,43,43,-9999,-9999,-9999,-9999
"GHCND:USC00193229",5,"2016",2016-05-17,0,59,43,45,-9999,-9999,-9999,-9999
"GHCND:USC00193229",5,"2016",2016-05-18,0,68,45,53,-9999,-9999,-9999,-9999
"GHCND:USC00193229",5,"2016",2016-05-19,0,73,53,58,-9999,-9999,-9999,-9999
"GHCND:USC00193229",5,"2016",2016-05-20,0.08,70,48,50,-9999,-9999,-9999,-9999
"GHCND:USC00193229",5,"2016",2016-05-21,0,74,43,47,-9999,-9999,-9999,-9999
"GHCND:USC00193229",5,"2016",2016-05-22,0.01,70,47,55,-9999,-9999,-9999,-9999
"GHCND:USC00193229",5,"2016",2016-05-23,0,74,51,58,-9999,-9999,-9999,-9999
"GHCND:USC00193229",5,"2016",2016-05-24,0.1,85,58,60,-9999,-9999,-9999,-9999
"GHCND:USC00193229",5,"2016",2016-05-25,0.04,65,58,60,-9999,-9999,-9999,-9999
"GHCND:USC00193229",5,"2016",2016-05-26,0,81,60,62,-9999,-9999,-9999,-9999
"GHCND:USC00193229",5,"2016",2016-05-27,0,94,62,72,-9999,-9999,-9999,-9999
"GHCND:USC00193229",5,"2016",2016-05-28,0,87,67,67,-9999,-9999,-9999,-9999
"GHCND:USC00193229",5,"2016",2016-05-29,0,91,66,66,-9999,-9999,-9999,-9999
"GHCND:USC00193229",5,"2016",2016-05-30,0.05,80,62,63,-9999,-9999,-9999,-9999
"GHCND:USC00193229",5,"2016",2016-05-31,0.65,80,63,67,-9999,-9999,-9999,-9999
"GHCND:USC00193229",6,"2016",2016-06-01,0,84,52,63,-9999,-9999,-9999,-9999
"GHCND:USC00193229",6,"2016",2016-06-02,0,80,51,62,-9999,-9999,-9999,-9999
"GHCND:USC00193229",6,"2016",2016-06-03,0.04,78,50,58,-9999,-9999,-9999,-9999
"GHCND:USC00193229",6,"2016",2016-06-04,0,70,58,65,-9999,-9999,-9999,-9999
"GHCND:USC00193229",6,"2016",2016-06-05,0,87,63,64,-9999,-9999,-9999,-9999
"GHCND:USC00193229",6,"2016",2016-06-06,1.13,69,59,67,-9999,-9999,-9999,-9999
"GHCND:USC00193229",6,"2016",2016-06-07,0.06,83,56,61,-9999,-9999,-9999,-9999
"GHCND:USC00193229",6,"2016",2016-06-08,0.52,83,53,64,-9999,-9999,-9999,-9999
"GHCND:USC00193229",6,"2016",2016-06-09,0,69,51,54,-9999,-9999,-9999,-9999
"GHCND:USC00193229",6,"2016",2016-06-10,0,68,45,59,-9999,-9999,-9999,-9999
"GHCND:USC00193229",6,"2016",2016-06-11,0,74,46,46,-9999,-9999,-9999,-9999
"GHCND:USC00193229",6,"2016",2016-06-12,0.22,62,46,59,-9999,-9999,-9999,-9999
"GHCND:USC00193229",6,"2016",2016-06-13,0,74,50,60,-9999,-9999,-9999,-9999
"GHCND:USC00193229",6,"2016",2016-06-14,0,71,47,51,-9999,-9999,-9999,-9999
"GHCND:USC00193229",6,"2016",2016-06-15,0,78,51,58,-9999,-9999,-9999,-9999
"GHCND:USC00193229",6,"2016",2016-06-16,0,84,57,59,-9999,-9999,-9999,-9999
"GHCND:USC00193229",6,"2016",2016-06-17,0,85,54,61,-9999,-9999,-9999,-9999
"GHCND:USC00193229",6,"2016",2016-06-18,0,83,51,51,-9999,-9999,-9999,-9999
"GHCND:USC00193229",6,"2016",2016-06-19,0,87,51,53,-9999,-9999,-9999,-9999
"GHCND:USC00193229",6,"2016",2016-06-20,0,87,53,59,-9999,-9999,-9999,-9999
"GHCND:USC00193229",6,"2016",2016-06-21,0.21,87,59,64,-9999,-9999,-9999,-9999
"GHCND:USC00193229",6,"2016",2016-06-22,0,83,48,55,-9999,-9999,-9999,-9999
"GHCND:USC00193229",6,"2016",2016-06-23,0,77,47,55,-9999,-9999,-9999,-9999
"GHCND:USC00193229",6,"2016",2016-06-24,0,84,50,56,-9999,-9999,-9999,-9999
"GHCND:USC00193229",6,"2016",2016-06-25,0,84,52,52,-9999,-9999,-9999,-9999
"GHCND:USC00193229",6,"2016",2016-06-26,0,87,52,55,-9999,-9999,-9999,-9999
"GHCND:USC00193229",6,"2016",2016-06-27,0,89,55,64,-9999,-9999,-9999,-9999
"GHCND:USC00193229",6,"2016",2016-06-28,0,85,63,63,-9999,-9999,-9999,-9999
"GHCND:USC00193229",6,"2016",2016-06-29,0.04,79,63,69,-9999,-9999,-9999,-9999
"GHCND:USC00193229",6,"2016",2016-06-30,0,85,58,63,-9999,-9999,-9999,-9999
"GHCND:USC00193229",7,"2016",2016-07-01,0,86,55,62,-9999,-9999,-9999,-9999
"GHCND:USC00193229",7,"2016",2016-07-02,0.05,85,57,57,-9999,-9999,-9999,-9999
"GHCND:USC00193229",7,"2016",2016-07-03,0,77,50,51,-9999,-9999,-9999,-9999
"GHCND:USC00193229",7,"2016",2016-07-04,0,84,51,52,-9999,-9999,-9999,-9999
"GHCND:USC00193229",7,"2016",2016-07-05,0.1,88,52,63,-9999,-9999,-9999,-9999
"GHCND:USC00193229",7,"2016",2016-07-06,0,89,61,65,-9999,-9999,-9999,-9999
"GHCND:USC00193229",7,"2016",2016-07-07,0,93,64,66,-9999,-9999,-9999,-9999
"GHCND:USC00193229",7,"2016",2016-07-08,0.16,91,66,67,-9999,-9999,-9999,-9999
"GHCND:USC00193229",7,"2016",2016-07-09,0.04,91,58,58,-9999,-9999,-9999,-9999
"GHCND:USC00193229",7,"2016",2016-07-10,0.24,64,58,59,-9999,-9999,-9999,-9999
"GHCND:USC00193229",7,"2016",2016-07-11,0.04,75,56,60,-9999,-9999,-9999,-9999
"GHCND:USC00193229",7,"2016",2016-07-12,0,80,54,55,-9999,-9999,-9999,-9999
"GHCND:USC00193229",7,"2016",2016-07-13,0,87,55,66,-9999,-9999,-9999,-9999
"GHCND:USC00193229",7,"2016",2016-07-14,0,91,66,71,-9999,-9999,-9999,-9999
"GHCND:USC00193229",7,"2016",2016-07-15,0.8,86,70,71,-9999,-9999,-9999,-9999
"GHCND:USC00193229",7,"2016",2016-07-16,0.2,92,66,66,-9999,-9999,-9999,-9999
"GHCND:USC00193229",7,"2016",2016-07-17,0,87,65,65,-9999,-9999,-9999,-9999
"GHCND:USC00193229",7,"2016",2016-07-18,0,89,63,65,-9999,-9999,-9999,-9999
"GHCND:USC00193229",7,"2016",2016-07-19,0.17,91,61,65,-9999,-9999,-9999,-9999
"GHCND:USC00193229",7,"2016",2016-07-20,0,79,51,55,-9999,-9999,-9999,-9999
"GHCND:USC00193229",7,"2016",2016-07-21,0,81,54,57,-9999,-9999,-9999,-9999
"GHCND:USC00193229",7,"2016",2016-07-22,0,88,57,67,-9999,-9999,-9999,-9999
"GHCND:USC00193229",7,"2016",2016-07-23,0,94,57,66,-9999,-9999,-9999,-9999
"GHCND:USC00193229",7,"2016",2016-07-24,0.03,92,59,59,-9999,-9999,-9999,-9999
"GHCND:USC00193229",7,"2016",2016-07-25,0,90,59,66,-9999,-9999,-9999,-9999
"GHCND:USC00193229",7,"2016",2016-07-26,0,93,62,68,-9999,-9999,-9999,-9999
"GHCND:USC00193229",7,"2016",2016-07-27,0,89,62,64,-9999,-9999,-9999,-9999
"GHCND:USC00193229",7,"2016",2016-07-28,0,92,61,62,-9999,-9999,-9999,-9999
"GHCND:USC00193229",7,"2016",2016-07-29,0.01,92,62,69,-9999,-9999,-9999,-9999
"GHCND:USC00193229",7,"2016",2016-07-30,0.1,88,60,60,-9999,-9999,-9999,-9999
"GHCND:USC00193229",7,"2016",2016-07-31,0.05,83,60,60,-9999,-9999,-9999,-9999
"GHCND:USC00193229",8,"2016",2016-08-01,1.15,73,60,65,-9999,-9999,-9999,-9999
"GHCND:USC00193229",8,"2016",2016-08-02,0.48,71,62,62,-9999,-9999,-9999,-9999
"GHCND:USC00193229",8,"2016",2016-08-03,0.06,78,57,58,1,-9999,-9999,-9999
"GHCND:USC00193229",8,"2016",2016-08-04,0,84,56,56,-9999,-9999,-9999,-9999
"GHCND:USC00193229",8,"2016",2016-08-05,0,86,56,58,-9999,-9999,-9999,-9999
"GHCND:USC00193229",8,"2016",2016-08-06,0,88,58,68,-9999,-9999,-9999,-9999
"GHCND:USC00193229",8,"2016",2016-08-07,0,88,60,60,-9999,-9999,-9999,-9999
"GHCND:USC00193229",8,"2016",2016-08-08,0,85,58,58,-9999,-9999,-9999,-9999
"GHCND:USC00193229",8,"2016",2016-08-09,0,85,55,55,-9999,-9999,-9999,-9999
"GHCND:USC00193229",8,"2016",2016-08-10,0.01,89,55,58,-9999,-9999,-9999,-9999
"GHCND:USC00193229",8,"2016",2016-08-11,0.45,83,58,71,-9999,-9999,-9999,-9999
"GHCND:USC00193229",8,"2016",2016-08-12,0,93,71,72,-9999,-9999,-9999,-9999
"GHCND:USC00193229",8,"2016",2016-08-13,0.02,91,71,71,-9999,-9999,-9999,-9999
"GHCND:USC00193229",8,"2016",2016-08-14,0.83,92,71,72,-9999,-9999,-9999,-9999
"GHCND:USC00193229",8,"2016",2016-08-15,0,92,65,66,-9999,-9999,-9999,-9999
"GHCND:USC00193229",8,"2016",2016-08-16,0.01,87,64,65,-9999,-9999,-9999,-9999
"GHCND:USC00193229",8,"2016",2016-08-17,0.1,81,61,74,-9999,-9999,-9999,-9999
"GHCND:USC00193229",8,"2016",2016-08-18,0,82,61,62,-9999,-9999,-9999,-9999
"GHCND:USC00193229",8,"2016",2016-08-19,0,88,62,66,-9999,-9999,-9999,-9999
"GHCND:USC00193229",8,"2016",2016-08-20,0,88,57,57,-9999,-9999,-9999,-9999
"GHCND:USC00193229",8,"2016",2016-08-21,0,88,56,70,-9999,-9999,-9999,-9999
"GHCND:USC00193229",8,"2016",2016-08-22,0.65,83,62,62,1,-9999,-9999,-9999
"GHCND:USC00193229",8,"2016",2016-08-23,0,75,49,49,1,-9999,-9999,-9999
"GHCND:USC00193229",8,"2016",2016-08-24,0,81,49,55,1,-9999,-9999,-9999
"GHCND:USC00193229",8,"2016",2016-08-25,0,88,55,60,-9999,-9999,-9999,-9999
"GHCND:USC00193229",8,"2016",2016-08-26,0,87,60,67,-9999,-9999,-9999,-9999
"GHCND:USC00193229",8,"2016",2016-08-27,0,89,60,60,-9999,-9999,-9999,-9999
"GHCND:USC00193229",8,"2016",2016-08-28,0,88,60,61,-9999,-9999,-9999,-9999
"GHCND:USC00193229",8,"2016",2016-08-29,0,88,61,66,-9999,-9999,-9999,-9999
"GHCND:USC00193229",8,"2016",2016-08-30,0,83,53,53,-9999,-9999,-9999,-9999
"GHCND:USC00193229",8,"2016",2016-08-31,0,85,53,58,-9999,-9999,-9999,-9999
"GHCND:USC00193229",9,"2016",2016-09-01,0,79,58,65,-9999,-9999,-9999,-9999
"GHCND:USC00193229",9,"2016",2016-09-02,0,83,52,52,-9999,-9999,-9999,-9999
"GHCND:USC00193229",9,"2016",2016-09-03,0,81,51,51,-9999,-9999,-9999,-9999
"GHCND:USC00193229",9,"2016",2016-09-04,0,76,51,51,-9999,-9999,-9999,-9999
"GHCND:USC00193229",9,"2016",2016-09-05,0,81,50,51,-9999,-9999,-9999,-9999
"GHCND:USC00193229",9,"2016",2016-09-06,0,81,50,67,-9999,-9999,-9999,-9999
"GHCND:USC00193229",9,"2016",2016-09-07,0,82,65,65,-9999,-9999,-9999,-9999
"GHCND:USC00193229",9,"2016",2016-09-08,0,83,62,64,-9999,-9999,-9999,-9999
"GHCND:USC00193229",9,"2016",2016-09-09,0.37,87,64,72,-9999,-9999,-9999,-9999
"GHCND:USC00193229",9,"2016",2016-09-10,0.02,89,65,67,-9999,-9999,-9999,-9999
"GHCND:USC00193229",9,"2016",2016-09-11,0.02,84,66,74,-9999,-9999,-9999,-9999
"GHCND:USC00193229",9,"2016",2016-09-12,0.32,79,46,48,-9999,-9999,-9999,-9999
"GHCND:USC00193229",9,"2016",2016-09-13,0,78,48,53,-9999,-9999,-9999,-9999
"GHCND:USC00193229",9,"2016",2016-09-14,0,85,53,62,-9999,-9999,-9999,-9999
"GHCND:USC00193229",9,"2016",2016-09-15,0,85,46,53,-9999,-9999,-9999,-9999
"GHCND:USC00193229",9,"2016",2016-09-16,0,73,43,44,-9999,-9999,-9999,-9999
"GHCND:USC00193229",9,"2016",2016-09-17,0,76,44,48,-9999,-9999,-9999,-9999
"GHCND:USC00193229",9,"2016",2016-09-18,0,79,48,66,-9999,-9999,-9999,-9999
"GHCND:USC00193229",9,"2016",2016-09-19,1.6,78,66,67,-9999,-9999,-9999,-9999
"GHCND:USC00193229",9,"2016",2016-09-20,0.1,73,66,67,-9999,-9999,-9999,-9999
"GHCND:USC00193229",9,"2016",2016-09-21,0,82,58,59,-9999,-9999,-9999,-9999
"GHCND:USC00193229",9,"2016",2016-09-22,0,80,52,53,-9999,-9999,-9999,-9999
"GHCND:USC00193229",9,"2016",2016-09-23,0,85,52,58,-9999,-9999,-9999,-9999
"GHCND:USC00193229",9,"2016",2016-09-24,0,78,49,50,-9999,-9999,-9999,-9999
"GHCND:USC00193229",9,"2016",2016-09-25,0,68,39,39,-9999,-9999,-9999,-9999
"GHCND:USC00193229",9,"2016",2016-09-26,0,68,36,37,-9999,-9999,-9999,-9999
"GHCND:USC00193229",9,"2016",2016-09-27,0.38,67,37,57,-9999,-9999,-9999,-9999
"GHCND:USC00193229",9,"2016",2016-09-28,0,73,50,56,-9999,-9999,-9999,-9999
"GHCND:USC00193229",9,"2016",2016-09-29,0,60,49,53,-9999,-9999,-9999,-9999
"GHCND:USC00193229",9,"2016",2016-09-30,0,68,48,51,-9999,-9999,-9999,-9999
"GHCND:USC00193229",10,"2016",2016-10-01,0.34,62,46,47,-9999,-9999,-9999,-9999
"GHCND:USC00193229",10,"2016",2016-10-02,0.06,54,47,51,-9999,-9999,-9999,-9999
"GHCND:USC00193229",10,"2016",2016-10-03,0,58,51,55,-9999,-9999,-9999,-9999
"GHCND:USC00193229",10,"2016",2016-10-04,0.08,73,55,56,-9999,-9999,-9999,-9999
"GHCND:USC00193229",10,"2016",2016-10-05,0,65,45,47,-9999,-9999,-9999,-9999
"GHCND:USC00193229",10,"2016",2016-10-06,0,69,42,42,-9999,-9999,-9999,-9999
"GHCND:USC00193229",10,"2016",2016-10-07,0,73,42,43,-9999,-9999,-9999,-9999
"GHCND:USC00193229",10,"2016",2016-10-08,0,75,43,45,-9999,-9999,-9999,-9999
"GHCND:USC00193229",10,"2016",2016-10-09,0.01,66,45,56,-9999,-9999,-9999,-9999
"GHCND:USC00193229",10,"2016",2016-10-10,0.25,56,42,43,-9999,-9999,-9999,-9999
"GHCND:USC00193229",10,"2016",2016-10-11,0,59,31,32,-9999,-9999,-9999,-9999
"GHCND:USC00193229",10,"2016",2016-10-12,0,65,32,42,-9999,-9999,-9999,-9999
"GHCND:USC00193229",10,"2016",2016-10-13,0,67,41,44,-9999,-9999,-9999,-9999
"GHCND:USC00193229",10,"2016",2016-10-14,0,69,35,36,-9999,-9999,-9999,-9999
"GHCND:USC00193229",10,"2016",2016-10-15,0,59,30,30,-9999,-9999,-9999,-9999
"GHCND:USC00193229",10,"2016",2016-10-16,0,61,29,35,-9999,-9999,-9999,-9999
"GHCND:USC00193229",10,"2016",2016-10-17,0,70,35,50,-9999,-9999,-9999,-9999
"GHCND:USC00193229",10,"2016",2016-10-18,0.18,74,50,57,-9999,-9999,-9999,-9999
"GHCND:USC00193229",10,"2016",2016-10-19,0,73,57,59,-9999,-9999,-9999,-9999
"GHCND:USC00193229",10,"2016",2016-10-20,0,76,44,44,-9999,-9999,-9999,-9999
"GHCND:USC00193229",10,"2016",2016-10-21,0,65,44,59,-9999,-9999,-9999,-9999
"GHCND:USC00193229",10,"2016",2016-10-22,0.14,65,44,53,-9999,-9999,-9999,-9999
"GHCND:USC00193229",10,"2016",2016-10-23,0.08,55,41,43,-9999,-9999,-9999,-9999
"GHCND:USC00193229",10,"2016",2016-10-24,0,58,41,41,-9999,-9999,-9999,-9999
"GHCND:USC00193229",10,"2016",2016-10-25,0,58,33,36,-9999,-9999,-9999,-9999
"GHCND:USC00193229",10,"2016",2016-10-26,0,50,31,39,-9999,-9999,-9999,-9999
"GHCND:USC00193229",10,"2016",2016-10-27,0,50,25,28,-9999,-9999,-9999,-9999
"GHCND:USC00193229",10,"2016",2016-10-28,1.04,36,28,36,-9999,-9999,-9999,-9999
"GHCND:USC00193229",10,"2016",2016-10-29,0,49,34,35,-9999,-9999,-9999,-9999
"GHCND:USC00193229",10,"2016",2016-10-30,0,50,35,49,-9999,-9999,-9999,-9999
"GHCND:USC00193229",10,"2016",2016-10-31,0.03,65,37,37,-9999,-9999,-9999,-9999
"GHCND:USC00193229",11,"2016",2016-11-01,0,53,25,26,-9999,-9999,-9999,-9999
"GHCND:USC00193229",11,"2016",2016-11-02,0,54,26,39,-9999,-9999,-9999,-9999
"GHCND:USC00193229",11,"2016",2016-11-03,0,66,39,48,-9999,-9999,-9999,-9999
"GHCND:USC00193229",11,"2016",2016-11-04,0.06,60,41,42,-9999,-9999,-9999,-9999
"GHCND:USC00193229",11,"2016",2016-11-05,0,58,27,29,-9999,-9999,-9999,-9999
"GHCND:USC00193229",11,"2016",2016-11-06,0.03,54,29,40,-9999,-9999,-9999,-9999
"GHCND:USC00193229",11,"2016",2016-11-07,0,54,26,29,-9999,-9999,-9999,-9999
"GHCND:USC00193229",11,"2016",2016-11-08,0,53,26,28,-9999,-9999,-9999,-9999
"GHCND:USC00193229",11,"2016",2016-11-09,0,65,28,36,-9999,-9999,-9999,-9999
"GHCND:USC00193229",11,"2016",2016-11-10,0.1,46,29,30,-9999,-9999,-9999,-9999
"GHCND:USC00193229",11,"2016",2016-11-11,0,56,30,30,-9999,-9999,-9999,-9999
"GHCND:USC00193229",11,"2016",2016-11-12,0,56,28,28,-9999,-9999,-9999,-9999
"GHCND:USC00193229",11,"2016",2016-11-13,0,49,26,45,-9999,-9999,-9999,-9999
"GHCND:USC00193229",11,"2016",2016-11-14,0,61,24,27,-9999,-9999,-9999,-9999
"GHCND:USC00193229",11,"2016",2016-11-15,0,64,27,38,-9999,-9999,-9999,-9999
"GHCND:USC00193229",11,"2016",2016-11-16,0.87,48,38,46,-9999,-9999,-9999,-9999
"GHCND:USC00193229",11,"2016",2016-11-17,0,53,31,32,-9999,-9999,-9999,-9999
"GHCND:USC00193229",11,"2016",2016-11-18,0,59,31,32,-9999,-9999,-9999,-9999
"GHCND:USC00193229",11,"2016",2016-11-19,0,64,31,31,-9999,-9999,-9999,-9999
"GHCND:USC00193229",11,"2016",2016-11-20,0.41,64,30,38,-9999,-9999,-9999,-9999
"GHCND:USC00193229",11,"2016",2016-11-21,0.09,64,30,31,-9999,-9999,-9999,-9999
"GHCND:USC00193229",11,"2016",2016-11-22,0,35,30,31,-9999,-9999,-9999,-9999
"GHCND:USC00193229",11,"2016",2016-11-23,0,41,28,28,-9999,-9999,-9999,-9999
"GHCND:USC00193229",11,"2016",2016-11-24,0,33,25,31,-9999,-9999,-9999,-9999
"GHCND:USC00193229",11,"2016",2016-11-25,0.05,40,31,36,-9999,-9999,-9999,-9999
"GHCND:USC00193229",11,"2016",2016-11-26,0.03,40,30,34,-9999,-9999,-9999,-9999
"GHCND:USC00193229",11,"2016",2016-11-27,0,43,27,28,-9999,-9999,-9999,-9999
"GHCND:USC00193229",11,"2016",2016-11-28,0,42,21,22,-9999,-9999,-9999,-9999
"GHCND:USC00193229",11,"2016",2016-11-29,0.04,48,21,32,-9999,-9999,-9999,-9999
"GHCND:USC00193229",11,"2016",2016-11-30,0.73,40,32,38,-9999,-9999,-9999,-9999
"GHCND:USC00193229",12,"2016",2016-12-01,1.55,46,38,39,-9999,-9999,-9999,-9999
"GHCND:USC00193229",12,"2016",2016-12-02,0,53,32,36,-9999,-9999,-9999,-9999
"GHCND:USC00193229",12,"2016",2016-12-03,0,48,36,38,-9999,-9999,-9999,-9999
"GHCND:USC00193229",12,"2016",2016-12-04,0,44,30,34,-9999,-9999,-9999,-9999
"GHCND:USC00193229",12,"2016",2016-12-05,0.14,44,25,28,-9999,-9999,-9999,-9999
"GHCND:USC00193229",12,"2016",2016-12-06,0,34,23,23,-9999,-9999,-9999,-9999
"GHCND:USC00193229",12,"2016",2016-12-07,0.2,45,23,32,-9999,-9999,-9999,-9999
"GHCND:USC00193229",12,"2016",2016-12-08,0,39,28,28,-9999,-9999,-9999,-9999
"GHCND:USC00193229",12,"2016",2016-12-09,0,36,28,31,-9999,-9999,-9999,-9999
"GHCND:USC00193229",12,"2016",2016-12-10,0,40,15,15,-9999,-9999,-9999,-9999
"GHCND:USC00193229",12,"2016",2016-12-11,0,32,10,10,-9999,-9999,-9999,-9999
"GHCND:USC00193229",12,"2016",2016-12-12,0.57,35,10,28,-9999,-9999,-9999,-9999
"GHCND:USC00193229",12,"2016",2016-12-13,0,37,23,23,-9999,-9999,-9999,-9999
"GHCND:USC00193229",12,"2016",2016-12-14,0,43,22,24,-9999,-9999,-9999,-9999
"GHCND:USC00193229",12,"2016",2016-12-15,0,37,15,20,-9999,-9999,-9999,-9999
"GHCND:USC00193229",12,"2016",2016-12-16,0,25,-4,-4,-9999,-9999,-9999,-9999
"GHCND:USC00193229",12,"2016",2016-12-17,0.11,22,-4,13,-9999,-9999,-9999,-9999
"GHCND:USC00193229",12,"2016",2016-12-18,0.76,32,13,31,-9999,-9999,-9999,-9999
"GHCND:USC00193229",12,"2016",2016-12-19,0.55,48,15,15,-9999,-9999,-9999,-9999
"GHCND:USC00193229",12,"2016",2016-12-20,0,25,-5,-4,-9999,-9999,-9999,-9999
"GHCND:USC00193229",12,"2016",2016-12-21,0,27,-4,4,-9999,-9999,-9999,-9999
"GHCND:USC00193229",12,"2016",2016-12-22,0.01,42,4,25,-9999,-9999,-9999,-9999
"GHCND:USC00193229",12,"2016",2016-12-23,0.08,38,22,22,-9999,-9999,-9999,-9999
"GHCND:USC00193229",12,"2016",2016-12-24,0,47,21,32,-9999,-9999,-9999,-9999
"GHCND:USC00193229",12,"2016",2016-12-25,0.21,41,29,29,-9999,-9999,-9999,-9999
"GHCND:USC00193229",12,"2016",2016-12-26,0,45,12,12,-9999,-9999,-9999,-9999
"GHCND:USC00193229",12,"2016",2016-12-27,0.1,45,12,40,-9999,-9999,-9999,-9999
"GHCND:USC00193229",12,"2016",2016-12-28,0,53,32,33,-9999,-9999,-9999,-9999
"GHCND:USC00193229",12,"2016",2016-12-29,0,39,25,26,-9999,-9999,-9999,-9999
"GHCND:USC00193229",12,"2016",2016-12-30,0.52,39,25,31,-9999,-9999,-9999,-9999
"GHCND:USC00193229",12,"2016",2016-12-31,0,38,21,24,-9999,-9999,-9999,-9999
"GHCND:USC00193229",1,"2017",2017-01-01,0.02,36,21,32,-9999,-9999,-9999,-9999
"GHCND:USC00193229",1,"2017",2017-01-02,0,44,16,17,-9999,-9999,-9999,-9999
"GHCND:USC00193229",1,"2017",2017-01-03,0.02,34,16,32,-9999,-9999,-9999,-9999
"GHCND:USC00193229",1,"2017",2017-01-04,0.8,37,32,37,-9999,-9999,-9999,-9999
"GHCND:USC00193229",1,"2017",2017-01-05,0,44,23,24,-9999,-9999,-9999,-9999
"GHCND:USC00193229",1,"2017",2017-01-06,0.01,32,23,24,-9999,-9999,-9999,-9999
"GHCND:USC00193229",1,"2017",2017-01-07,0,30,12,13,-9999,-9999,-9999,-9999
"GHCND:USC00193229",1,"2017",2017-01-08,0.06,20,9,9,-9999,-9999,-9999,-9999
"GHCND:USC00193229",1,"2017",2017-01-09,0,26,-1,-1,-9999,-9999,-9999,-9999
"GHCND:USC00193229",1,"2017",2017-01-10,0,26,-1,6,-9999,-9999,-9999,-9999
"GHCND:USC00193229",1,"2017",2017-01-11,0.1,43,6,41,-9999,-9999,-9999,-9999
"GHCND:USC00193229",1,"2017",2017-01-12,0.1,56,31,42,-9999,-9999,-9999,-9999
"GHCND:USC00193229",1,"2017",2017-01-13,0.17,52,37,38,-9999,-9999,-9999,-9999
"GHCND:USC00193229",1,"2017",2017-01-14,0,41,15,15,-9999,-9999,-9999,-9999
"GHCND:USC00193229",1,"2017",2017-01-15,0,29,13,16,-9999,-9999,-9999,-9999
"GHCND:USC00193229",1,"2017",2017-01-16,0,39,13,14,-9999,-9999,-9999,-9999
"GHCND:USC00193229",1,"2017",2017-01-17,0,45,12,20,-9999,-9999,-9999,-9999
"GHCND:USC00193229",1,"2017",2017-01-18,0.4,38,19,32,-9999,-9999,-9999,-9999
"GHCND:USC00193229",1,"2017",2017-01-19,0.01,36,31,33,-9999,-9999,-9999,-9999
"GHCND:USC00193229",1,"2017",2017-01-20,0,46,31,32,-9999,-9999,-9999,-9999
"GHCND:USC00193229",1,"2017",2017-01-21,0,46,31,34,-9999,-9999,-9999,-9999
"GHCND:USC00193229",1,"2017",2017-01-22,0,53,31,33,-9999,-9999,-9999,-9999
"GHCND:USC00193229",1,"2017",2017-01-23,0.18,53,31,33,-9999,-9999,-9999,-9999
"GHCND:USC00193229",1,"2017",2017-01-24,0.86,35,31,34,-9999,-9999,-9999,-9999
"GHCND:USC00193229",1,"2017",2017-01-25,0.21,36,32,32,-9999,-9999,-9999,-9999
"GHCND:USC00193229",1,"2017",2017-01-26,0.03,41,32,32,-9999,-9999,-9999,-9999
"GHCND:USC00193229",1,"2017",2017-01-27,0,49,32,37,-9999,-9999,-9999,-9999
"GHCND:USC00193229",1,"2017",2017-01-28,0,41,33,34,-9999,-9999,-9999,-9999
"GHCND:USC00193229",1,"2017",2017-01-29,0,37,26,26,-9999,-9999,-9999,-9999
"GHCND:USC00193229",1,"2017",2017-01-30,0,41,17,19,-9999,-9999,-9999,-9999
"GHCND:USC00193229",1,"2017",2017-01-31,0,35,13,16,-9999,-9999,-9999,-9999
"GHCND:USC00193229",2,"2017",2017-02-01,0.09,28,11,23,-9999,-9999,-9999,-9999
"GHCND:USC00193229",2,"2017",2017-02-02,0,36,14,16,-9999,-9999,-9999,-9999
"GHCND:USC00193229",2,"2017",2017-02-03,0,40,13,13,-9999,-9999,-9999,-9999
"GHCND:USC00193229",2,"2017",2017-02-04,0,34,13,14,-9999,-9999,-9999,-9999
"GHCND:USC00193229",2,"2017",2017-02-05,0,34,12,21,-9999,-9999,-9999,-9999
"GHCND:USC00193229",2,"2017",2017-02-06,0,40,20,28,-9999,-9999,-9999,-9999
"GHCND:USC00193229",2,"2017",2017-02-07,0,37,28,31,-9999,-9999,-9999,-9999
"GHCND:USC00193229",2,"2017",2017-02-08,0.77,32,27,31,-9999,-9999,-9999,-9999
"GHCND:USC00193229",2,"2017",2017-02-09,0.07,50,26,26,-9999,-9999,-9999,-9999
"GHCND:USC00193229",2,"2017",2017-02-10,0.48,26,-2,0,-9999,-9999,-9999,-9999
"GHCND:USC00193229",2,"2017",2017-02-11,0.12,29,-1,18,-9999,-9999,-9999,-9999
"GHCND:USC00193229",2,"2017",2017-02-12,0,26,15,18,-9999,-9999,-9999,-9999
"GHCND:USC00193229",2,"2017",2017-02-13,0.86,26,15,17,-9999,-9999,-9999,-9999
"GHCND:USC00193229",2,"2017",2017-02-14,0,35,9,11,-9999,-9999,-9999,-9999
"GHCND:USC00193229",2,"2017",2017-02-15,0,41,11,28,-9999,-9999,-9999,-9999
"GHCND:USC00193229",2,"2017",2017-02-16,0,42,28,29,-9999,-9999,-9999,-9999
"GHCND:USC00193229",2,"2017",2017-02-17,0,36,13,19,-9999,-9999,-9999,-9999
"GHCND:USC00193229",2,"2017",2017-02-18,0,40,16,20,-9999,-9999,-9999,-9999
"GHCND:USC00193229",2,"2017",2017-02-19,0,54,20,24,-9999,-9999,-9999,-9999
"GHCND:USC00193229",2,"2017",2017-02-20,0,62,24,29,-9999,-9999,-9999,-9999
"GHCND:USC00193229",2,"2017",2017-02-21,0,47,15,18,-9999,-9999,-9999,-9999
"GHCND:USC00193229",2,"2017",2017-02-22,0,45,18,32,-9999,-9999,-9999,-9999
"GHCND:USC00193229",2,"2017",2017-02-23,0,55,30,31,-9999,-9999,-9999,-9999
"GHCND:USC00193229",2,"2017",2017-02-24,0.25,66,30,38,-9999,-9999,-9999,-9999
"GHCND:USC00193229",2,"2017",2017-02-25,0,72,37,42,-9999,-9999,-9999,-9999
"GHCND:USC00193229",2,"2017",2017-02-26,0.41,67,35,35,-9999,-9999,-9999,-9999
"GHCND:USC00193229",2,"2017",2017-02-27,0,40,25,28,-9999,-9999,-9999,-9999
"GHCND:USC00193229",2,"2017",2017-02-28,0,54,28,32,-9999,-9999,-9999,-9999
"GHCND:USC00193229",3,"2017",2017-03-01,0.02,59,32,48,1,-9999,-9999,-9999
"GHCND:USC00193229",3,"2017",2017-03-02,0.01,60,36,36,-9999,-9999,-9999,-9999
"GHCND:USC00193229",3,"2017",2017-03-03,0,36,22,24,-9999,-9999,-9999,-9999
"GHCND:USC00193229",3,"2017",2017-03-04,0,37,10,12,-9999,-9999,-9999,-9999
"GHCND:USC00193229",3,"2017",2017-03-05,0,23,7,8,-9999,-9999,-9999,-9999
"GHCND:USC00193229",3,"2017",2017-03-06,0,31,6,15,-9999,-9999,-9999,-9999
"GHCND:USC00193229",3,"2017",2017-03-07,0.01,45,15,33,-9999,-9999,-9999,-9999
"GHCND:USC00193229",3,"2017",2017-03-08,0.03,46,33,43,-9999,-9999,-9999,-9999
"GHCND:USC00193229",3,"2017",2017-03-09,0,58,33,44,-9999,-9999,-9999,-9999
"GHCND:USC00193229",3,"2017",2017-03-10,0,47,30,31,-9999,-9999,-9999,-9999
"GHCND:USC00193229",3,"2017",2017-03-11,0,37,8,8,-9999,-9999,-9999,-9999
"GHCND:USC00193229",3,"2017",2017-03-12,0,21,6,8,-9999,-9999,-9999,-9999
"GHCND:USC00193229",3,"2017",2017-03-13,0,26,6,7,-9999,-9999,-9999,-9999
"GHCND:USC00193229",3,"2017",2017-03-14,0.17,37,6,21,-9999,-9999,-9999,-9999
"GHCND:USC00193229",3,"2017",2017-03-15,1.32,27,13,14,-9999,-9999,-9999,-9999
"GHCND:USC00193229",3,"2017",2017-03-16,0,26,13,19,-9999,-9999,-9999,-9999
"GHCND:USC00193229",3,"2017",2017-03-17,0,36,13,17,-9999,-9999,-9999,-9999
"GHCND:USC00193229",3,"2017",2017-03-18,0,45,11,13,-9999,-9999,-9999,-9999
"GHCND:USC00193229",3,"2017",2017-03-19,0,47,11,30,-9999,-9999,-9999,-9999
"GHCND:USC00193229",3,"2017",2017-03-20,0,45,18,21,-9999,-9999,-9999,-9999
"GHCND:USC00193229",3,"2017",2017-03-21,0,56,21,28,-9999,-9999,-9999,-9999
"GHCND:USC00193229",3,"2017",2017-03-22,0,55,27,34,-9999,-9999,-9999,-9999
"GHCND:USC00193229",3,"2017",2017-03-23,0,35,12,15,-9999,-9999,-9999,-9999
"GHCND:USC00193229",3,"2017",2017-03-24,0,39,15,28,-9999,-9999,-9999,-9999
"GHCND:USC00193229",3,"2017",2017-03-25,0.05,42,28,36,-9999,-9999,-9999,-9999
"GHCND:USC00193229",3,"2017",2017-03-26,0.13,41,24,24,-9999,-9999,-9999,-9999
"GHCND:USC00193229",3,"2017",2017-03-27,0.25,39,24,33,-9999,-9999,-9999,-9999
"GHCND:USC00193229",3,"2017",2017-03-28,0.43,41,33,36,-9999,-9999,-9999,-9999
"GHCND:USC00193229",3,"2017",2017-03-29,0.41,44,36,39,-9999,-9999,-9999,-9999
"GHCND:USC00193229",3,"2017",2017-03-30,0,52,27,28,-9999,-9999,-9999,-9999
"GHCND:USC00193229",3,"2017",2017-03-31,0.03,51,28,37,-9999,-9999,-9999,-9999
"GHCND:USC00193229",4,"2017",2017-04-01,1.25,37,32,33,-9999,-9999,-9999,-9999
"GHCND:USC00193229",4,"2017",2017-04-02,0.21,40,32,33,-9999,-9999,-9999,-9999
"GHCND:USC00193229",4,"2017",2017-04-03,0,58,27,31,-9999,-9999,-9999,-9999
"GHCND:USC00193229",4,"2017",2017-04-04,0.47,63,31,41,-9999,-9999,-9999,-9999
"GHCND:USC00193229",4,"2017",2017-04-05,0.45,43,37,37,-9999,-9999,-9999,-9999
"GHCND:USC00193229",4,"2017",2017-04-06,0.01,55,37,39,-9999,-9999,-9999,-9999
"GHCND:USC00193229",4,"2017",2017-04-07,0.74,45,38,45,-9999,-9999,-9999,-9999
"GHCND:USC00193229",4,"2017",2017-04-08,0,50,36,37,-9999,-9999,-9999,-9999
"GHCND:USC00193229",4,"2017",2017-04-09,0,54,28,28,-9999,-9999,-9999,-9999
"GHCND:USC00193229",4,"2017",2017-04-10,0,69,28,40,-9999,-9999,-9999,-9999
"GHCND:USC00193229",4,"2017",2017-04-11,0,81,40,50,-9999,-9999,-9999,-9999
"GHCND:USC00193229",4,"2017",2017-04-12,0,86,48,51,-9999,-9999,-9999,-9999
"GHCND:USC00193229",4,"2017",2017-04-13,0.11,64,42,44,-9999,-9999,-9999,-9999
"GHCND:USC00193229",4,"2017",2017-04-14,0,60,30,36,-9999,-9999,-9999,-9999
"GHCND:USC00193229",4,"2017",2017-04-15,0,65,30,31,-9999,-9999,-9999,-9999
"GHCND:USC00193229",4,"2017",2017-04-16,0.02,71,30,50,-9999,-9999,-9999,-9999
"GHCND:USC00193229",4,"2017",2017-04-17,0,85,50,54,-9999,-9999,-9999,-9999
"GHCND:USC00193229",4,"2017",2017-04-18,0,69,38,44,-9999,-9999,-9999,-9999
"GHCND:USC00193229",4,"2017",2017-04-19,0,60,39,42,-9999,-9999,-9999,-9999
"GHCND:USC00193229",4,"2017",2017-04-20,0.08,55,41,45,-9999,-9999,-9999,-9999
"GHCND:USC00193229",4,"2017",2017-04-21,0.47,67,41,45,-9999,-9999,-9999,-9999
"GHCND:USC00193229",4,"2017",2017-04-22,0.15,49,42,43,-9999,-9999,-9999,-9999
"GHCND:USC00193229",4,"2017",2017-04-23,0,54,36,36,-9999,-9999,-9999,-9999
"GHCND:USC00193229",4,"2017",2017-04-24,0,71,36,42,-9999,-9999,-9999,-9999
"GHCND:USC00193229",4,"2017",2017-04-25,0,75,42,51,-9999,-9999,-9999,-9999
"GHCND:USC00193229",4,"2017",2017-04-26,0.79,53,48,49,-9999,-9999,-9999,-9999
"GHCND:USC00193229",4,"2017",2017-04-27,0.04,59,48,55,-9999,-9999,-9999,-9999
"GHCND:USC00193229",4,"2017",2017-04-28,0,68,55,58,-9999,-9999,-9999,-9999
"GHCND:USC00193229",4,"2017",2017-04-29,0,84,56,57,-9999,-9999,-9999,-9999
"GHCND:USC00193229",4,"2017",2017-04-30,0,79,48,48,-9999,-9999,-9999,-9999
"GHCND:USC00193229",5,"2017",2017-05-01,0.11,56,46,46,-9999,-9999,-9999,-9999
"GHCND:USC00193229",5,"2017",2017-05-02,1.08,55,46,50,-9999,-9999,-9999,-9999
"GHCND:USC00193229",5,"2017",2017-05-03,0.03,70,46,54,-9999,-9999,-9999,-9999
"GHCND:USC00193229",5,"2017",2017-05-04,0.01,59,32,39,-9999,-9999,-9999,-9999
"GHCND:USC00193229",5,"2017",2017-05-05,0.03,68,39,44,-9999,-9999,-9999,-9999
"GHCND:USC00193229",5,"2017",2017-05-06,1.56,50,44,48,-9999,-9999,-9999,-9999
"GHCND:USC00193229",5,"2017",2017-05-07,0.22,70,48,51,-9999,-9999,-9999,-9999
"GHCND:USC00193229",5,"2017",2017-05-08,0.04,61,41,45,-9999,-9999,-9999,-9999
"GHCND:USC00193229",5,"2017",2017-05-09,0,51,36,40,-9999,-9999,-9999,-9999
"GHCND:USC00193229",5,"2017",2017-05-10,0,54,38,43,-9999,-9999,-9999,-9999
"GHCND:USC00193229",5,"2017",2017-05-11,0,57,40,49,-9999,-9999,-9999,-9999
"GHCND:USC00193229",5,"2017",2017-05-12,0,66,44,49,-9999,-9999,-9999,-9999
"GHCND:USC00193229",5,"2017",2017-05-13,0,68,44,45,-9999,-9999,-9999,-9999
"GHCND:USC00193229",5,"2017",2017-05-14,1.94,57,35,37,-9999,-9999,-9999,-9999
"GHCND:USC00193229",5,"2017",2017-05-15,0.08,59,37,47,-9999,-9999,-9999,-9999
"GHCND:USC00193229",5,"2017",2017-05-16,0,67,45,59,-9999,-9999,-9999,-9999
"GHCND:USC00193229",5,"2017",2017-05-17,0,78,51,58,-9999,-9999,-9999,-9999
"GHCND:USC00193229",5,"2017",2017-05-18,0,92,58,73,-9999,-9999,-9999,-9999
"GHCND:USC00193229",5,"2017",2017-05-19,0.48,94,60,67,-9999,-9999,-9999,-9999
"GHCND:USC00193229",5,"2017",2017-05-20,0,86,50,54,-9999,-9999,-9999,-9999
"GHCND:USC00193229",5,"2017",2017-05-21,0,72,40,40,-9999,-9999,-9999,-9999
"GHCND:USC00193229",5,"2017",2017-05-22,0.12,70,40,49,-9999,-9999,-9999,-9999
"GHCND:USC00193229",5,"2017",2017-05-23,0.1,52,45,50,-9999,-9999,-9999,-9999
"GHCND:USC00193229",5,"2017",2017-05-24,0,69,50,54,-9999,-9999,-9999,-9999
"GHCND:USC00193229",5,"2017",2017-05-25,0,75,50,52,-9999,-9999,-9999,-9999
"GHCND:USC00193229",5,"2017",2017-05-26,1.4,58,50,51,-9999,-9999,-9999,-9999
"GHCND:USC00193229",5,"2017",2017-05-27,0.24,58,51,51,-9999,-9999,-9999,-9999
"GHCND:USC00193229",5,"2017",2017-05-28,0,73,51,56,-9999,-9999,-9999,-9999
"GHCND:USC00193229",5,"2017",2017-05-29,0,72,49,50,-9999,-9999,-9999,-9999
"GHCND:USC00193229",5,"2017",2017-05-30,0.18,57,50,52,-9999,-9999,-9999,-9999
"GHCND:USC00193229",5,"2017",2017-05-31,0.13,61,52,55,-9999,-9999,-9999,-9999
"GHCND:USC00193229",6,"2017",2017-06-01,0.37,73,52,54,-9999,-9999,-9999,-9999
"GHCND:USC00193229",6,"2017",2017-06-02,0,72,42,51,-9999,-9999,-9999,-9999
"GHCND:USC00193229",6,"2017",2017-06-03,0,70,42,42,-9999,-9999,-9999,-9999
"GHCND:USC00193229",6,"2017",2017-06-04,0,70,42,45,-9999,-9999,-9999,-9999
"GHCND:USC00193229",6,"2017",2017-06-05,0.32,71,45,55,-9999,-9999,-9999,-9999
"GHCND:USC00193229",6,"2017",2017-06-06,0.97,61,49,49,-9999,-9999,-9999,-9999
"GHCND:USC00193229",6,"2017",2017-06-07,1.1,52,49,51,-9999,-9999,-9999,-9999
"GHCND:USC00193229",6,"2017",2017-06-08,0,75,46,53,-9999,-9999,-9999,-9999
"GHCND:USC00193229",6,"2017",2017-06-09,0,80,48,57,-9999,-9999,-9999,-9999
"GHCND:USC00193229",6,"2017",2017-06-10,0,77,50,50,-9999,-9999,-9999,-9999
"GHCND:USC00193229",6,"2017",2017-06-11,0,85,50,58,-9999,-9999,-9999,-9999
"GHCND:USC00193229",6,"2017",2017-06-12,0,93,58,70,-9999,-9999,-9999,-9999
"GHCND:USC00193229",6,"2017",2017-06-13,0,94,64,72,-9999,-9999,-9999,-9999
"GHCND:USC00193229",6,"2017",2017-06-14,0,91,56,59,-9999,-9999,-9999,-9999
"GHCND:USC00193229",6,"2017",2017-06-15,0,82,48,52,-9999,-9999,-9999,-9999
"GHCND:USC00193229",6,"2017",2017-06-16,0,78,52,61,-9999,-9999,-9999,-9999
"GHCND:USC00193229",6,"2017",2017-06-17,0.17,69,60,60,-9999,-9999,-9999,-9999
"GHCND:USC00193229",6,"2017",2017-06-18,0,73,60,68,-9999,-9999,-9999,-9999
"GHCND:USC00193229",6,"2017",2017-06-19,0,84,68,73,-9999,-9999,-9999,-9999
"GHCND:USC00193229",6,"2017",2017-06-20,1,86,68,70,-9999,-9999,-9999,-9999
"GHCND:USC00193229",6,"2017",2017-06-21,0,83,57,59,-9999,-9999,-9999,-9999
"GHCND:USC00193229",6,"2017",2017-06-22,0,82,52,57,-9999,-9999,-9999,-9999
"GHCND:USC00193229",6,"2017",2017-06-23,0,82,57,64,-9999,-9999,-9999,-9999
"GHCND:USC00193229",6,"2017",2017-06-24,0.03,88,64,72,-9999,-9999,-9999,-9999
"GHCND:USC00193229",6,"2017",2017-06-25,0,83,56,56,-9999,-9999,-9999,-9999
"GHCND:USC00193229",6,"2017",2017-06-26,0,82,53,70,-9999,-9999,-9999,-9999
"GHCND:USC00193229",6,"2017",2017-06-27,0.28,77,55,55,-9999,-9999,-9999,-9999
"GHCND:USC00193229",6,"2017",2017-06-28,0.57,73,49,49,1,-9999,-9999,-9999
"GHCND:USC00193229",6,"2017",2017-06-29,0,77,49,54,-9999,-9999,-9999,-9999
"GHCND:USC00193229",6,"2017",2017-06-30,0,76,54,65,-9999,-9999,-9999,-9999
"GHCND:USC00193229",7,"2017",2017-07-01,1.18,85,63,69,-9999,-9999,-9999,-9999
"GHCND:USC00193229",7,"2017",2017-07-02,0.05,85,68,69,-9999,-9999,-9999,-9999
"GHCND:USC00193229",7,"2017",2017-07-03,0,86,63,63,-9999,-9999,-9999,-9999
"GHCND:USC00193229",7,"2017",2017-07-04,0,83,55,55,-9999,-9999,-9999,-9999
"GHCND:USC00193229",7,"2017",2017-07-05,0,83,53,56,-9999,-9999,-9999,-9999
"GHCND:USC00193229",7,"2017",2017-07-06,0,84,56,60,-9999,-9999,-9999,-9999
"GHCND:USC00193229",7,"2017",2017-07-07,0,81,60,64,-9999,-9999,-9999,-9999
"GHCND:USC00193229",7,"2017",2017-07-08,0.1,82,62,65,-9999,-9999,-9999,-9999
"GHCND:USC00193229",7,"2017",2017-07-09,0.22,80,58,58,-9999,-9999,-9999,-9999
"GHCND:USC00193229",7,"2017",2017-07-10,0,81,55,57,-9999,-9999,-9999,-9999
"GHCND:USC00193229",7,"2017",2017-07-11,0.07,85,57,66,-9999,-9999,-9999,-9999
"GHCND:USC00193229",7,"2017",2017-07-12,0.12,83,64,65,-9999,-9999,-9999,-9999
"GHCND:USC00193229",7,"2017",2017-07-13,0.48,82,65,70,-9999,-9999,-9999,-9999
"GHCND:USC00193229",7,"2017",2017-07-14,0.02,79,58,59,-9999,-9999,-9999,-9999
"GHCND:USC00193229",7,"2017",2017-07-15,0.03,64,59,63,-9999,-9999,-9999,-9999
"GHCND:USC00193229",7,"2017",2017-07-16,0,83,60,60,-9999,-9999,-9999,-9999
"GHCND:USC00193229",7,"2017",2017-07-17,0,86,59,60,-9999,-9999,-9999,-9999
"GHCND:USC00193229",7,"2017",2017-07-18,0.02,87,60,66,-9999,-9999,-9999,-9999
"GHCND:USC00193229",7,"2017",2017-07-19,0,87,66,67,-9999,-9999,-9999,-9999
"GHCND:USC00193229",7,"2017",2017-07-20,0,89,64,66,-9999,-9999,-9999,-9999
"GHCND:USC00193229",7,"2017",2017-07-21,0,90,59,62,-9999,-9999,-9999,-9999
"GHCND:USC00193229",7,"2017",2017-07-22,0,88,62,63,-9999,-9999,-9999,-9999
"GHCND:USC00193229",7,"2017",2017-07-23,0,80,61,61,-9999,-9999,-9999,-9999
"GHCND:USC00193229",7,"2017",2017-07-24,0.04,77,60,60,-9999,-9999,-9999,-9999
"GHCND:USC00193229",7,"2017",2017-07-25,0.78,65,55,56,-9999,-9999,-9999,-9999
"GHCND:USC00193229",7,"2017",2017-07-26,0.01,65,52,53,-9999,-9999,-9999,-9999
"GHCND:USC00193229",7,"2017",2017-07-27,0,80,53,61,-9999,-9999,-9999,-9999
"GHCND:USC00193229",7,"2017",2017-07-28,0.14,70,60,61,-9999,-9999,-9999,-9999
"GHCND:USC00193229",7,"2017",2017-07-29,0,80,56,56,-9999,-9999,-9999,-9999
"GHCND:USC00193229",7,"2017",2017-07-30,0,76,50,50,-9999,-9999,-9999,-9999
"GHCND:USC00193229",7,"2017",2017-07-31,0,81,50,53,-9999,-9999,-9999,-9999
"GHCND:USC00193229",8,"2017",2017-08-01,0,87,53,60,-9999,-9999,-9999,-9999
"GHCND:USC00193229",8,"2017",2017-08-02,0,87,60,61,-9999,-9999,-9999,-9999
"GHCND:USC00193229",8,"2017",2017-08-03,0,86,61,63,-9999,-9999,-9999,-9999
"GHCND:USC00193229",8,"2017",2017-08-04,0,83,61,67,-9999,-9999,-9999,-9999
"GHCND:USC00193229",8,"2017",2017-08-05,0.02,82,62,69,-9999,-9999,-9999,-9999
"GHCND:USC00193229",8,"2017",2017-08-06,0.68,77,55,57,-9999,-9999,-9999,-9999
"GHCND:USC00193229",8,"2017",2017-08-07,0,75,53,53,-9999,-9999,-9999,-9999
"GHCND:USC00193229",8,"2017",2017-08-08,0.19,71,53,61,-9999,-9999,-9999,-9999
"GHCND:USC00193229",8,"2017",2017-08-09,0,78,52,53,-9999,-9999,-9999,-9999
"GHCND:USC00193229",8,"2017",2017-08-10,0.15,84,52,62,-9999,-9999,-9999,-9999
"GHCND:USC00193229",8,"2017",2017-08-11,0,86,61,61,-9999,-9999,-9999,-9999
"GHCND:USC00193229",8,"2017",2017-08-12,0.24,83,61,63,-9999,-9999,-9999,-9999
"GHCND:USC00193229",8,"2017",2017-08-13,0.49,79,62,62,-9999,-9999,-9999,-9999
"GHCND:USC00193229",8,"2017",2017-08-14,0,82,56,64,-9999,-9999,-9999,-9999
"GHCND:USC00193229",8,"2017",2017-08-15,0.3,78,56,62,-9999,-9999,-9999,-9999
"GHCND:USC00193229",8,"2017",2017-08-16,0.01,77,62,64,-9999,-9999,-9999,-9999
"GHCND:USC00193229",8,"2017",2017-08-17,0,82,52,52,-9999,-9999,-9999,-9999
"GHCND:USC00193229",8,"2017",2017-08-18,0,80,52,63,-9999,-9999,-9999,-9999
"GHCND:USC00193229",8,"2017",2017-08-19,0.52,76,63,68,-9999,-9999,-9999,-9999
"GHCND:USC00193229",8,"2017",2017-08-20,0,85,63,64,-9999,-9999,-9999,-9999
"GHCND:USC00193229",8,"2017",2017-08-21,0,82,57,57,-9999,-9999,-9999,-9999
"GHCND:USC00193229",8,"2017",2017-08-22,0,85,57,63,-9999,-9999,-9999,-9999
"GHCND:USC00193229",8,"2017",2017-08-23,0.51,89,63,66,-9999,-9999,-9999,-9999
"GHCND:USC00193229",8,"2017",2017-08-24,0,78,53,53,-9999,-9999,-9999,-9999
"GHCND:USC00193229",8,"2017",2017-08-25,0,78,53,57,-9999,-9999,-9999,-9999
"GHCND:USC00193229",8,"2017",2017-08-26,0,73,47,47,-9999,-9999,-9999,-9999
"GHCND:USC00193229",8,"2017",2017-08-27,0,74,46,46,-9999,-9999,-9999,-9999
"GHCND:USC00193229",8,"2017",2017-08-28,0,74,46,47,-9999,-9999,-9999,-9999
"GHCND:USC00193229",8,"2017",2017-08-29,0,76,47,49,-9999,-9999,-9999,-9999
"GHCND:USC00193229",8,"2017",2017-08-30,0,64,49,56,-9999,-9999,-9999,-9999
"GHCND:USC00193229",8,"2017",2017-08-31,0,75,49,50,-9999,-9999,-9999,-9999
"GHCND:USC00193229",9,"2017",2017-09-01,0,74,43,44,-9999,-9999,-9999,-9999
"GHCND:USC00193229",9,"2017",2017-09-02,0,67,40,40,-9999,-9999,-9999,-9999
"GHCND:USC00193229",9,"2017",2017-09-03,0.07,70,40,53,-9999,-9999,-9999,-9999
"GHCND:USC00193229",9,"2017",2017-09-04,1.1,57,50,51,-9999,-9999,-9999,-9999
"GHCND:USC00193229",9,"2017",2017-09-05,0,79,51,62,-9999,-9999,-9999,-9999
"GHCND:USC00193229",9,"2017",2017-09-06,0.26,83,62,65,-9999,-9999,-9999,-9999
"GHCND:USC00193229",9,"2017",2017-09-07,0.72,65,58,59,-9999,-9999,-9999,-9999
"GHCND:USC00193229",9,"2017",2017-09-08,0.04,73,50,51,-9999,-9999,-9999,-9999
"GHCND:USC00193229",9,"2017",2017-09-09,0,67,46,46,-9999,-9999,-9999,-9999
"GHCND:USC00193229",9,"2017",2017-09-10,0,69,46,46,-9999,-9999,-9999,-9999
"GHCND:USC00193229",9,"2017",2017-09-11,0,73,44,49,-9999,-9999,-9999,-9999
"GHCND:USC00193229",9,"2017",2017-09-12,0,78,47,48,-9999,-9999,-9999,-9999
"GHCND:USC00193229",9,"2017",2017-09-13,0,82,48,49,-9999,-9999,-9999,-9999
"GHCND:USC00193229",9,"2017",2017-09-14,0,80,49,64,-9999,-9999,-9999,-9999
"GHCND:USC00193229",9,"2017",2017-09-15,0,81,64,64,-9999,-9999,-9999,-9999
"GHCND:USC00193229",9,"2017",2017-09-16,0,83,63,66,-9999,-9999,-9999,-9999
"GHCND:USC00193229",9,"2017",2017-09-17,0,84,60,60,-9999,-9999,-9999,-9999
"GHCND:USC00193229",9,"2017",2017-09-18,0.02,85,58,65,-9999,-9999,-9999,-9999
"GHCND:USC00193229",9,"2017",2017-09-19,0,76,63,68,-9999,-9999,-9999,-9999
"GHCND:USC00193229",9,"2017",2017-09-20,0,76,65,69,-9999,-9999,-9999,-9999
"GHCND:USC00193229",9,"2017",2017-09-21,0,76,65,67,-9999,-9999,-9999,-9999
"GHCND:USC00193229",9,"2017",2017-09-22,0,78,59,65,-9999,-9999,-9999,-9999
"GHCND:USC00193229",9,"2017",2017-09-23,0,77,57,58,-9999,-9999,-9999,-9999
"GHCND:USC00193229",9,"2017",2017-09-24,0,86,56,59,-9999,-9999,-9999,-9999
"GHCND:USC00193229",9,"2017",2017-09-25,0,90,58,66,-9999,-9999,-9999,-9999
"GHCND:USC00193229",9,"2017",2017-09-26,0,91,66,66,-9999,-9999,-9999,-9999
"GHCND:USC00193229",9,"2017",2017-09-27,0,87,64,64,-9999,-9999,-9999,-9999
"GHCND:USC00193229",9,"2017",2017-09-28,0,87,62,63,-9999,-9999,-9999,-9999
"GHCND:USC00193229",9,"2017",2017-09-29,0,74,42,44,-9999,-9999,-9999,-9999
"GHCND:USC00193229",9,"2017",2017-09-30,0.06,67,44,49,-9999,-9999,-9999,-9999
"GHCND:USC00193229",10,"2017",2017-10-01,0.12,52,42,42,-9999,-9999,-9999,-9999
"GHCND:USC00193229",10,"2017",2017-10-02,0,66,38,38,-9999,-9999,-9999,-9999
"GHCND:USC00193229",10,"2017",2017-10-03,0,70,38,41,-9999,-9999,-9999,-9999
"GHCND:USC00193229",10,"2017",2017-10-04,0,70,41,47,-9999,-9999,-9999,-9999
"GHCND:USC00193229",10,"2017",2017-10-05,0,75,46,56,-9999,-9999,-9999,-9999
"GHCND:USC00193229",10,"2017",2017-10-06,0,77,48,50,-9999,-9999,-9999,-9999
"GHCND:USC00193229",10,"2017",2017-10-07,0.03,63,50,55,-9999,-9999,-9999,-9999
"GHCND:USC00193229",10,"2017",2017-10-08,0,73,55,70,-9999,-9999,-9999,-9999
"GHCND:USC00193229",10,"2017",2017-10-09,0.62,75,63,63,-9999,-9999,-9999,-9999
"GHCND:USC00193229",10,"2017",2017-10-10,0.71,73,60,61,-9999,-9999,-9999,-9999
"GHCND:USC00193229",10,"2017",2017-10-11,0,78,53,53,-9999,-9999,-9999,-9999
"GHCND:USC00193229",10,"2017",2017-10-12,0.02,70,49,49,-9999,-9999,-9999,-9999
"GHCND:USC00193229",10,"2017",2017-10-13,0,63,34,34,-9999,-9999,-9999,-9999
"GHCND:USC00193229",10,"2017",2017-10-14,0,66,34,53,-9999,-9999,-9999,-9999
"GHCND:USC00193229",10,"2017",2017-10-15,0,74,53,55,-9999,-9999,-9999,-9999
"GHCND:USC00193229",10,"2017",2017-10-16,0.03,75,55,55,-9999,-9999,-9999,-9999
"GHCND:USC00193229",10,"2017",2017-10-17,0,56,32,32,-9999,-9999,-9999,-9999
"GHCND:USC00193229",10,"2017",2017-10-18,0,59,32,35,-9999,-9999,-9999,-9999
"GHCND:USC00193229",10,"2017",2017-10-19,0,73,35,39,-9999,-9999,-9999,-9999
"GHCND:USC00193229",10,"2017",2017-10-20,0,75,39,48,-9999,-9999,-9999,-9999
"GHCND:USC00193229",10,"2017",2017-10-21,0,70,38,38,-9999,-9999,-9999,-9999
"GHCND:USC00193229",10,"2017",2017-10-22,0,74,37,42,-9999,-9999,-9999,-9999
"GHCND:USC00193229",10,"2017",2017-10-23,0,74,40,44,-9999,-9999,-9999,-9999
"GHCND:USC00193229",10,"2017",2017-10-24,0.03,69,44,67,-9999,-9999,-9999,-9999
"GHCND:USC00193229",10,"2017",2017-10-25,2.53,71,61,61,-9999,-9999,-9999,-9999
"GHCND:USC00193229",10,"2017",2017-10-26,0.32,67,51,51,-9999,-9999,-9999,-9999
"GHCND:USC00193229",10,"2017",2017-10-27,0.32,54,40,41,-9999,-9999,-9999,-9999
"GHCND:USC00193229",10,"2017",2017-10-28,0,62,37,37,-9999,-9999,-9999,-9999
"GHCND:USC00193229",10,"2017",2017-10-29,0.01,66,35,56,-9999,-9999,-9999,-9999
"GHCND:USC00193229",10,"2017",2017-10-30,2.35,67,55,61,-9999,-9999,-9999,-9999
"GHCND:USC00193229",10,"2017",2017-10-31,0.11,61,37,37,-9999,-9999,-9999,-9999
"GHCND:USC00193229",11,"2017",2017-11-01,0,59,31,31,-9999,-9999,-9999,-9999
"GHCND:USC00193229",11,"2017",2017-11-02,0.06,47,31,46,-9999,-9999,-9999,-9999
"GHCND:USC00193229",11,"2017",2017-11-03,0.02,62,46,59,-9999,-9999,-9999,-9999
"GHCND:USC00193229",11,"2017",2017-11-04,0.01,67,36,36,-9999,-9999,-9999,-9999
"GHCND:USC00193229",11,"2017",2017-11-05,0,52,34,39,-9999,-9999,-9999,-9999
"GHCND:USC00193229",11,"2017",2017-11-06,0.06,57,39,57,-9999,-9999,-9999,-9999
"GHCND:USC00193229",11,"2017",2017-11-07,0.09,63,37,38,-9999,-9999,-9999,-9999
"GHCND:USC00193229",11,"2017",2017-11-08,0,44,34,35,-9999,-9999,-9999,-9999
"GHCND:USC00193229",11,"2017",2017-11-09,0,48,26,26,-9999,-9999,-9999,-9999
"GHCND:USC00193229",11,"2017",2017-11-10,0,48,26,37,-9999,-9999,-9999,-9999
"GHCND:USC00193229",11,"2017",2017-11-11,0,37,17,17,-9999,-9999,-9999,-9999
"GHCND:USC00193229",11,"2017",2017-11-12,0,37,16,22,-9999,-9999,-9999,-9999
"GHCND:USC00193229",11,"2017",2017-11-13,0,45,22,32,-9999,-9999,-9999,-9999
"GHCND:USC00193229",11,"2017",2017-11-14,0,40,32,36,-9999,-9999,-9999,-9999
"GHCND:USC00193229",11,"2017",2017-11-15,0,40,30,31,-9999,-9999,-9999,-9999
"GHCND:USC00193229",11,"2017",2017-11-16,0.01,48,29,35,-9999,-9999,-9999,-9999
"GHCND:USC00193229",11,"2017",2017-11-17,0.25,48,29,36,-9999,-9999,-9999,-9999
"GHCND:USC00193229",11,"2017",2017-11-18,0,45,21,21,-9999,-9999,-9999,-9999
"GHCND:USC00193229",11,"2017",2017-11-19,0.21,37,20,37,-9999,-9999,-9999,-9999
"GHCND:USC00193229",11,"2017",2017-11-20,0,51,31,33,-9999,-9999,-9999,-9999
"GHCND:USC00193229",11,"2017",2017-11-21,0,42,26,26,-9999,-9999,-9999,-9999
"GHCND:USC00193229",11,"2017",2017-11-22,0,57,26,35,-9999,-9999,-9999,-9999
"GHCND:USC00193229",11,"2017",2017-11-23,0.12,44,29,29,-9999,-9999,-9999,-9999
"GHCND:USC00193229",11,"2017",2017-11-24,0,42,24,24,-9999,-9999,-9999,-9999
"GHCND:USC00193229",11,"2017",2017-11-25,0,49,23,27,-9999,-9999,-9999,-9999
"GHCND:USC00193229",11,"2017",2017-11-26,0,57,26,39,-9999,-9999,-9999,-9999
"GHCND:USC00193229",11,"2017",2017-11-27,0,44,29,33,-9999,-9999,-9999,-9999
"GHCND:USC00193229",11,"2017",2017-11-28,0,46,19,21,-9999,-9999,-9999,-9999
"GHCND:USC00193229",11,"2017",2017-11-29,0,40,21,32,-9999,-9999,-9999,-9999
"GHCND:USC00193229",11,"2017",2017-11-30,0,59,21,22,-9999,-9999,-9999,-9999
"GHCND:USC00193229",12,"2017",2017-12-01,0,43,22,35,-9999,-9999,-9999,-9999
"GHCND:USC00193229",12,"2017",2017-12-02,0,46,23,27,-9999,-9999,-9999,-9999
"GHCND:USC00193229",12,"2017",2017-12-03,0,41,25,29,-9999,-9999,-9999,-9999
"GHCND:USC00193229",12,"2017",2017-12-04,0,41,25,27,-9999,-9999,-9999,-9999
"GHCND:USC00193229",12,"2017",2017-12-05,0,48,27,37,-9999,-9999,-9999,-9999
"GHCND:USC00193229",12,"2017",2017-12-06,0.5,54,37,38,-9999,-9999,-9999,-9999
"GHCND:USC00193229",12,"2017",2017-12-07,0,46,23,27,-9999,-9999,-9999,-9999
"GHCND:USC00193229",12,"2017",2017-12-08,0,41,22,22,-9999,-9999,-9999,-9999
"GHCND:USC00193229",12,"2017",2017-12-09,0,39,21,28,-9999,-9999,-9999,-9999
"GHCND:USC00193229",12,"2017",2017-12-10,0.85,33,25,25,-9999,-9999,-9999,-9999
"GHCND:USC00193229",12,"2017",2017-12-11,0,40,23,27,-9999,-9999,-9999,-9999
"GHCND:USC00193229",12,"2017",2017-12-12,0.08,40,27,29,-9999,-9999,-9999,-9999
"GHCND:USC00193229",12,"2017",2017-12-13,0.72,33,15,15,-9999,-9999,-9999,-9999
"GHCND:USC00193229",12,"2017",2017-12-14,0,23,15,16,-9999,-9999,-9999,-9999
"GHCND:USC00193229",12,"2017",2017-12-15,0,28,6,6,-9999,-9999,-9999,-9999
"GHCND:USC00193229",12,"2017",2017-12-16,0,22,6,12,-9999,-9999,-9999,-9999
"GHCND:USC00193229",12,"2017",2017-12-17,0,31,6,6,-9999,-9999,-9999,-9999
"GHCND:USC00193229",12,"2017",2017-12-18,0,31,4,20,-9999,-9999,-9999,-9999
"GHCND:USC00193229",12,"2017",2017-12-19,0,30,20,30,-9999,-9999,-9999,-9999
"GHCND:USC00193229",12,"2017",2017-12-20,0,51,30,37,-9999,-9999,-9999,-9999
"GHCND:USC00193229",12,"2017",2017-12-21,0,41,25,25,-9999,-9999,-9999,-9999
"GHCND:USC00193229",12,"2017",2017-12-22,0,37,20,20,-9999,-9999,-9999,-9999
"GHCND:USC00193229",12,"2017",2017-12-23,0.2,24,19,24,-9999,-9999,-9999,-9999
"GHCND:USC00193229",12,"2017",2017-12-24,0.63,36,24,31,-9999,-9999,-9999,-9999
"GHCND:USC00193229",12,"2017",2017-12-25,0.13,36,24,24,-9999,-9999,-9999,-9999
"GHCND:USC00193229",12,"2017",2017-12-26,0.17,35,9,12,-9999,-9999,-9999,-9999
"GHCND:USC00193229",12,"2017",2017-12-27,0,26,-3,-3,-9999,-9999,-9999,-9999
"GHCND:USC00193229",12,"2017",2017-12-28,0,26,-3,0,-9999,-9999,-9999,-9999
"GHCND:USC00193229",12,"2017",2017-12-29,0,12,-5,-4,-9999,-9999,-9999,-9999
"GHCND:USC00193229",12,"2017",2017-12-30,0,12,-5,-2,-9999,-9999,-9999,-9999
"GHCND:USC00193229",12,"2017",2017-12-31,0.01,12,-6,-5,-9999,-9999,-9999,-9999
"GHCND:USC00193229",1,"2018",2018-01-01,0,9,-7,-7,-9999,-9999,-9999,-9999
"GHCND:USC00193229",1,"2018",2018-01-02,0,13,-12,-11,-9999,-9999,-9999,-9999
"GHCND:USC00193229",1,"2018",2018-01-03,0,18,-11,0,-9999,-9999,-9999,-9999
"GHCND:USC00193229",1,"2018",2018-01-04,0.13,24,0,16,-9999,-9999,-9999,-9999
"GHCND:USC00193229",1,"2018",2018-01-05,0.6,24,5,5,-9999,-9999,-9999,-9999
"GHCND:USC00193229",1,"2018",2018-01-06,0,10,2,2,-9999,-9999,-9999,-9999
"GHCND:USC00193229",1,"2018",2018-01-07,0,9,-17,-17,-9999,-9999,-9999,-9999
"GHCND:USC00193229",1,"2018",2018-01-08,0,19,-17,18,-9999,-9999,-9999,-9999
"GHCND:USC00193229",1,"2018",2018-01-09,0.01,30,18,25,-9999,-9999,-9999,-9999
"GHCND:USC00193229",1,"2018",2018-01-10,0,40,5,6,-9999,-9999,-9999,-9999
"GHCND:USC00193229",1,"2018",2018-01-11,0,38,5,30,-9999,-9999,-9999,-9999
"GHCND:USC00193229",1,"2018",2018-01-12,0.02,43,30,41,-9999,-9999,-9999,-9999
"GHCND:USC00193229",1,"2018",2018-01-13,1.59,55,39,40,-9999,-9999,-9999,-9999
"GHCND:USC00193229",1,"2018",2018-01-14,0.23,40,9,10,-9999,-9999,-9999,-9999
"GHCND:USC00193229",1,"2018",2018-01-15,0,23,8,8,-9999,-9999,-9999,-9999
"GHCND:USC00193229",1,"2018",2018-01-16,0,21,6,18,-9999,-9999,-9999,-9999
"GHCND:USC00193229",1,"2018",2018-01-17,0.35,30,18,27,-9999,-9999,-9999,-9999
"GHCND:USC00193229",1,"2018",2018-01-18,0.15,32,5,7,-9999,-9999,-9999,-9999
"GHCND:USC00193229",1,"2018",2018-01-19,0,30,5,19,-9999,-9999,-9999,-9999
"GHCND:USC00193229",1,"2018",2018-01-20,0,36,18,22,-9999,-9999,-9999,-9999
"GHCND:USC00193229",1,"2018",2018-01-21,0,50,22,25,-9999,-9999,-9999,-9999
"GHCND:USC00193229",1,"2018",2018-01-22,0.01,50,25,32,-9999,-9999,-9999,-9999
"GHCND:USC00193229",1,"2018",2018-01-23,0.21,36,32,32,-9999,-9999,-9999,-9999
"GHCND:USC00193229",1,"2018",2018-01-24,0.95,39,30,33,-9999,-9999,-9999,-9999
"GHCND:USC00193229",1,"2018",2018-01-25,0,34,17,19,-9999,-9999,-9999,-9999
"GHCND:USC00193229",1,"2018",2018-01-26,0,29,8,8,-9999,-9999,-9999,-9999
"GHCND:USC00193229",1,"2018",2018-01-27,0,36,8,19,-9999,-9999,-9999,-9999
"GHCND:USC00193229",1,"2018",2018-01-28,0.03,50,16,35,-9999,-9999,-9999,-9999
"GHCND:USC00193229",1,"2018",2018-01-29,0,46,25,26,-9999,-9999,-9999,-9999
"GHCND:USC00193229",1,"2018",2018-01-30,0,44,26,27,-9999,-9999,-9999,-9999
"GHCND:USC00193229",1,"2018",2018-01-31,0,36,15,16,-9999,-9999,-9999,-9999
"GHCND:USC00193229",2,"2018",2018-02-01,0.03,31,16,27,-9999,-9999,-9999,-9999
"GHCND:USC00193229",2,"2018",2018-02-02,0.01,38,24,24,-9999,-9999,-9999,-9999
"GHCND:USC00193229",2,"2018",2018-02-03,0,26,4,6,-9999,-9999,-9999,-9999
"GHCND:USC00193229",2,"2018",2018-02-04,0,30,6,28,-9999,-9999,-9999,-9999
"GHCND:USC00193229",2,"2018",2018-02-05,0.78,39,28,35,-9999,-9999,-9999,-9999
"GHCND:USC00193229",2,"2018",2018-02-06,0,35,15,18,-9999,-9999,-9999,-9999
"GHCND:USC00193229",2,"2018",2018-02-07,0,32,13,16,-9999,-9999,-9999,-9999
"GHCND:USC00193229",2,"2018",2018-02-08,0.72,28,14,14,-9999,-9999,-9999,-9999
"GHCND:USC00193229",2,"2018",2018-02-09,0,31,2,3,-9999,-9999,-9999,-9999
"GHCND:USC00193229",2,"2018",2018-02-10,0.02,29,3,29,-9999,-9999,-9999,-9999
"GHCND:USC00193229",2,"2018",2018-02-11,0.25,42,28,33,-9999,-9999,-9999,-9999
"GHCND:USC00193229",2,"2018",2018-02-12,0.8,38,33,36,-9999,-9999,-9999,-9999
"GHCND:USC00193229",2,"2018",2018-02-13,0,41,19,21,-9999,-9999,-9999,-9999
"GHCND:USC00193229",2,"2018",2018-02-14,0,36,20,28,-9999,-9999,-9999,-9999
"GHCND:USC00193229",2,"2018",2018-02-15,0,48,26,28,-9999,-9999,-9999,-9999
"GHCND:USC00193229",2,"2018",2018-02-16,0.01,44,28,35,-9999,-9999,-9999,-9999
"GHCND:USC00193229",2,"2018",2018-02-17,0,48,22,22,-9999,-9999,-9999,-9999
"GHCND:USC00193229",2,"2018",2018-02-18,0.28,37,21,26,-9999,-9999,-9999,-9999
"GHCND:USC00193229",2,"2018",2018-02-19,0,44,17,17,-9999,-9999,-9999,-9999
"GHCND:USC00193229",2,"2018",2018-02-20,0.11,48,16,35,1,-9999,-9999,-9999
"GHCND:USC00193229",2,"2018",2018-02-21,0.01,61,33,39,1,-9999,-9999,-9999
"GHCND:USC00193229",2,"2018",2018-02-22,0,76,38,38,-9999,-9999,-9999,-9999
"GHCND:USC00193229",2,"2018",2018-02-23,0.11,40,22,24,-9999,-9999,-9999,-9999
"GHCND:USC00193229",2,"2018",2018-02-24,0.31,36,24,24,-9999,-9999,-9999,-9999
"GHCND:USC00193229",2,"2018",2018-02-25,0.06,49,24,33,-9999,-9999,-9999,-9999
"GHCND:USC00193229",2,"2018",2018-02-26,0.62,36,32,32,-9999,-9999,-9999,-9999
"GHCND:USC00193229",2,"2018",2018-02-27,0,52,25,28,-9999,-9999,-9999,-9999
"GHCND:USC00193229",2,"2018",2018-02-28,0,54,25,28,-9999,-9999,-9999,-9999
"GHCND:USC00193229",3,"2018",2018-03-01,0,57,28,34,-9999,-9999,-9999,-9999
"GHCND:USC00193229",3,"2018",2018-03-02,0.68,59,32,35,-9999,-9999,-9999,-9999
"GHCND:USC00193229",3,"2018",2018-03-03,0.48,39,34,36,-9999,-9999,-9999,-9999
"GHCND:USC00193229",3,"2018",2018-03-04,0,46,35,37,-9999,-9999,-9999,-9999
"GHCND:USC00193229",3,"2018",2018-03-05,0,46,33,35,-9999,-9999,-9999,-9999
"GHCND:USC00193229",3,"2018",2018-03-06,0,43,24,30,-9999,-9999,-9999,-9999
"GHCND:USC00193229",3,"2018",2018-03-07,0,47,30,31,-9999,-9999,-9999,-9999
"GHCND:USC00193229",3,"2018",2018-03-08,0.55,34,30,32,-9999,-9999,-9999,-9999
"GHCND:USC00193229",3,"2018",2018-03-09,0,40,27,28,-9999,-9999,-9999,-9999
"GHCND:USC00193229",3,"2018",2018-03-10,0,38,28,32,-9999,-9999,-9999,-9999
"GHCND:USC00193229",3,"2018",2018-03-11,0,42,29,30,-9999,-9999,-9999,-9999
"GHCND:USC00193229",3,"2018",2018-03-12,0,43,28,31,-9999,-9999,-9999,-9999
"GHCND:USC00193229",3,"2018",2018-03-13,0.08,43,31,31,-9999,-9999,-9999,-9999
"GHCND:USC00193229",3,"2018",2018-03-14,0.13,34,27,30,-9999,-9999,-9999,-9999
"GHCND:USC00193229",3,"2018",2018-03-15,0,38,30,31,-9999,-9999,-9999,-9999
"GHCND:USC00193229",3,"2018",2018-03-16,0,42,27,29,-9999,-9999,-9999,-9999
"GHCND:USC00193229",3,"2018",2018-03-17,0,38,24,24,-9999,-9999,-9999,-9999
"GHCND:USC00193229",3,"2018",2018-03-18,0,43,13,14,-9999,-9999,-9999,-9999
"GHCND:USC00193229",3,"2018",2018-03-19,0,35,12,15,-9999,-9999,-9999,-9999
"GHCND:USC00193229",3,"2018",2018-03-20,0,39,15,17,-9999,-9999,-9999,-9999
"GHCND:USC00193229",3,"2018",2018-03-21,0,42,17,29,-9999,-9999,-9999,-9999
"GHCND:USC00193229",3,"2018",2018-03-22,0,40,29,37,-9999,-9999,-9999,-9999
"GHCND:USC00193229",3,"2018",2018-03-23,0,54,26,27,-9999,-9999,-9999,-9999
"GHCND:USC00193229",3,"2018",2018-03-24,0,48,24,24,-9999,-9999,-9999,-9999
"GHCND:USC00193229",3,"2018",2018-03-25,0.01,48,23,31,-9999,-9999,-9999,-9999
"GHCND:USC00193229",3,"2018",2018-03-26,0,45,20,21,-9999,-9999,-9999,-9999
"GHCND:USC00193229",3,"2018",2018-03-27,0,50,20,22,-9999,-9999,-9999,-9999
"GHCND:USC00193229",3,"2018",2018-03-28,0.01,50,22,35,-9999,-9999,-9999,-9999
"GHCND:USC00193229",3,"2018",2018-03-29,0,58,32,33,-9999,-9999,-9999,-9999
"GHCND:USC00193229",3,"2018",2018-03-30,0.17,51,33,47,-9999,-9999,-9999,-9999
"GHCND:USC00193229",3,"2018",2018-03-31,0.02,54,34,37,-9999,-9999,-9999,-9999
"GHCND:USC00193229",4,"2018",2018-04-01,0,57,31,43,-9999,-9999,-9999,-9999
"GHCND:USC00193229",4,"2018",2018-04-02,0.01,51,28,29,-9999,-9999,-9999,-9999
"GHCND:USC00193229",4,"2018",2018-04-03,0.05,45,25,29,-9999,-9999,-9999,-9999
"GHCND:USC00193229",4,"2018",2018-04-04,0.5,42,29,36,-9999,-9999,-9999,-9999
"GHCND:USC00193229",4,"2018",2018-04-05,0.07,49,27,28,-9999,-9999,-9999,-9999
"GHCND:USC00193229",4,"2018",2018-04-06,0,41,21,25,-9999,-9999,-9999,-9999
"GHCND:USC00193229",4,"2018",2018-04-07,0.32,37,25,33,-9999,-9999,-9999,-9999
"GHCND:USC00193229",4,"2018",2018-04-08,0,43,25,25,-9999,-9999,-9999,-9999
"GHCND:USC00193229",4,"2018",2018-04-09,0,43,23,29,-9999,-9999,-9999,-9999
"GHCND:USC00193229",4,"2018",2018-04-10,0,45,29,31,-9999,-9999,-9999,-9999
"GHCND:USC00193229",4,"2018",2018-04-11,0,43,23,25,-9999,-9999,-9999,-9999
"GHCND:USC00193229",4,"2018",2018-04-12,0,53,25,32,-9999,-9999,-9999,-9999
"GHCND:USC00193229",4,"2018",2018-04-13,0.07,57,32,42,-9999,-9999,-9999,-9999
"GHCND:USC00193229",4,"2018",2018-04-14,0,69,42,43,-9999,-9999,-9999,-9999
"GHCND:USC00193229",4,"2018",2018-04-15,0,58,33,33,-9999,-9999,-9999,-9999
"GHCND:USC00193229",4,"2018",2018-04-16,0.48,35,28,30,-9999,-9999,-9999,-9999
"GHCND:USC00193229",4,"2018",2018-04-17,1.5,58,28,36,-9999,-9999,-9999,-9999
"GHCND:USC00193229",4,"2018",2018-04-18,0,47,34,37,-9999,-9999,-9999,-9999
"GHCND:USC00193229",4,"2018",2018-04-19,0,51,35,35,-9999,-9999,-9999,-9999
"GHCND:USC00193229",4,"2018",2018-04-20,0.05,45,33,37,-9999,-9999,-9999,-9999
"GHCND:USC00193229",4,"2018",2018-04-21,0,53,30,30,-9999,-9999,-9999,-9999
"GHCND:USC00193229",4,"2018",2018-04-22,0,60,28,28,-9999,-9999,-9999,-9999
"GHCND:USC00193229",4,"2018",2018-04-23,0,63,27,36,-9999,-9999,-9999,-9999
"GHCND:USC00193229",4,"2018",2018-04-24,0,69,33,41,-9999,-9999,-9999,-9999
"GHCND:USC00193229",4,"2018",2018-04-25,0.2,69,41,46,-9999,-9999,-9999,-9999
"GHCND:USC00193229",4,"2018",2018-04-26,0.72,59,46,52,-9999,-9999,-9999,-9999
"GHCND:USC00193229",4,"2018",2018-04-27,0,62,39,49,-9999,-9999,-9999,-9999
"GHCND:USC00193229",4,"2018",2018-04-28,0.17,56,42,49,-9999,-9999,-9999,-9999
"GHCND:USC00193229",4,"2018",2018-04-29,0.2,71,48,48,-9999,-9999,-9999,-9999
"GHCND:USC00193229",4,"2018",2018-04-30,0.15,50,39,41,-9999,-9999,-9999,-9999
"GHCND:USC00193229",5,"2018",2018-05-01,0,52,36,43,-9999,-9999,-9999,-9999
"GHCND:USC00193229",5,"2018",2018-05-02,0,73,42,50,-9999,-9999,-9999,-9999
"GHCND:USC00193229",5,"2018",2018-05-03,0,89,50,61,-9999,-9999,-9999,-9999
"GHCND:USC00193229",5,"2018",2018-05-04,0,89,59,63,-9999,-9999,-9999,-9999
"GHCND:USC00193229",5,"2018",2018-05-05,0.07,83,52,52,-9999,-9999,-9999,-9999
"GHCND:USC00193229",5,"2018",2018-05-06,0,74,51,54,-9999,-9999,-9999,-9999
"GHCND:USC00193229",5,"2018",2018-05-07,0.2,61,48,50,-9999,-9999,-9999,-9999
"GHCND:USC00193229",5,"2018",2018-05-08,0,71,41,48,-9999,-9999,-9999,-9999
"GHCND:USC00193229",5,"2018",2018-05-09,0,77,44,52,-9999,-9999,-9999,-9999
"GHCND:USC00193229",5,"2018",2018-05-10,0,82,47,51,-9999,-9999,-9999,-9999
"GHCND:USC00193229",5,"2018",2018-05-11,0,74,51,51,-9999,-9999,-9999,-9999
"GHCND:USC00193229",5,"2018",2018-05-12,0,69,46,48,-9999,-9999,-9999,-9999
"GHCND:USC00193229",5,"2018",2018-05-13,0.05,69,42,43,-9999,-9999,-9999,-9999
"GHCND:USC00193229",5,"2018",2018-05-14,0,67,43,52,-9999,-9999,-9999,-9999
"GHCND:USC00193229",5,"2018",2018-05-15,0,79,52,58,-9999,-9999,-9999,-9999
"GHCND:USC00193229",5,"2018",2018-05-16,0.7,77,50,51,1,-9999,-9999,-9999
"GHCND:USC00193229",5,"2018",2018-05-17,0,66,51,58,-9999,-9999,-9999,-9999
"GHCND:USC00193229",5,"2018",2018-05-18,0,77,54,54,-9999,-9999,-9999,-9999
"GHCND:USC00193229",5,"2018",2018-05-19,0,72,42,43,-9999,-9999,-9999,-9999
"GHCND:USC00193229",5,"2018",2018-05-20,0.38,57,43,55,-9999,-9999,-9999,-9999
"GHCND:USC00193229",5,"2018",2018-05-21,0,77,48,55,-9999,-9999,-9999,-9999
"GHCND:USC00193229",5,"2018",2018-05-22,0,79,49,53,-9999,-9999,-9999,-9999
"GHCND:USC00193229",5,"2018",2018-05-23,0.02,62,52,56,-9999,-9999,-9999,-9999
"GHCND:USC00193229",5,"2018",2018-05-24,0,83,47,57,-9999,-9999,-9999,-9999
"GHCND:USC00193229",5,"2018",2018-05-25,0,80,50,56,-9999,-9999,-9999,-9999
"GHCND:USC00193229",5,"2018",2018-05-26,0,87,56,65,-9999,-9999,-9999,-9999
"GHCND:USC00193229",5,"2018",2018-05-27,0,89,59,59,-9999,-9999,-9999,-9999
"GHCND:USC00193229",5,"2018",2018-05-28,0.1,59,49,49,-9999,-9999,-9999,-9999
"GHCND:USC00193229",5,"2018",2018-05-29,0,69,49,60,-9999,-9999,-9999,-9999
"GHCND:USC00193229",5,"2018",2018-05-30,0,88,52,61,-9999,-9999,-9999,-9999
"GHCND:USC00193229",5,"2018",2018-05-31,0,83,50,58,-9999,-9999,-9999,-9999
"GHCND:USC00193229",6,"2018",2018-06-01,0,81,58,66,-9999,-9999,-9999,-9999
"GHCND:USC00193229",6,"2018",2018-06-02,0,80,66,66,-9999,-9999,-9999,-9999
"GHCND:USC00193229",6,"2018",2018-06-03,0,84,60,60,-9999,-9999,-9999,-9999
"GHCND:USC00193229",6,"2018",2018-06-04,0.4,73,46,47,-9999,-9999,-9999,-9999
"GHCND:USC00193229",6,"2018",2018-06-05,0.21,74,46,50,-9999,-9999,-9999,-9999
"GHCND:USC00193229",6,"2018",2018-06-06,0,63,45,54,-9999,-9999,-9999,-9999
"GHCND:USC00193229",6,"2018",2018-06-07,0,71,45,56,-9999,-9999,-9999,-9999
"GHCND:USC00193229",6,"2018",2018-06-08,0,71,52,57,-9999,-9999,-9999,-9999
"GHCND:USC00193229",6,"2018",2018-06-09,0,81,52,52,-9999,-9999,-9999,-9999
"GHCND:USC00193229",6,"2018",2018-06-10,0,80,50,51,-9999,-9999,-9999,-9999
"GHCND:USC00193229",6,"2018",2018-06-11,0,77,51,58,-9999,-9999,-9999,-9999
"GHCND:USC00193229",6,"2018",2018-06-12,0,75,47,55,-9999,-9999,-9999,-9999
"GHCND:USC00193229",6,"2018",2018-06-13,0,81,49,60,-9999,-9999,-9999,-9999
"GHCND:USC00193229",6,"2018",2018-06-14,0,72,60,68,-9999,-9999,-9999,-9999
"GHCND:USC00193229",6,"2018",2018-06-15,0.02,75,57,59,-9999,-9999,-9999,-9999
"GHCND:USC00193229",6,"2018",2018-06-16,0,72,47,47,-9999,-9999,-9999,-9999
"GHCND:USC00193229",6,"2018",2018-06-17,0,83,47,53,-9999,-9999,-9999,-9999
"GHCND:USC00193229",6,"2018",2018-06-18,0,89,53,63,-9999,-9999,-9999,-9999
"GHCND:USC00193229",6,"2018",2018-06-19,0.91,94,63,67,-9999,-9999,-9999,-9999
"GHCND:USC00193229",6,"2018",2018-06-20,0,81,51,53,-9999,-9999,-9999,-9999
"GHCND:USC00193229",6,"2018",2018-06-21,0,77,53,55,-9999,-9999,-9999,-9999
"GHCND:USC00193229",6,"2018",2018-06-22,0,81,48,52,-9999,-9999,-9999,-9999
"GHCND:USC00193229",6,"2018",2018-06-23,0,81,48,59,-9999,-9999,-9999,-9999
"GHCND:USC00193229",6,"2018",2018-06-24,0.05,62,56,57,-9999,-9999,-9999,-9999
"GHCND:USC00193229",6,"2018",2018-06-25,0.6,78,57,62,-9999,-9999,-9999,-9999
"GHCND:USC00193229",6,"2018",2018-06-26,0,75,45,48,-9999,-9999,-9999,-9999
"GHCND:USC00193229",6,"2018",2018-06-27,0,78,48,54,-9999,-9999,-9999,-9999
"GHCND:USC00193229",6,"2018",2018-06-28,0.9,75,54,64,-9999,-9999,-9999,-9999
"GHCND:USC00193229",6,"2018",2018-06-29,0.7,77,63,63,-9999,-9999,-9999,-9999
"GHCND:USC00193229",6,"2018",2018-06-30,0,87,62,62,-9999,-9999,-9999,-9999
"GHCND:USC00193229",7,"2018",2018-07-01,0,90,62,67,-9999,-9999,-9999,-9999
"GHCND:USC00193229",7,"2018",2018-07-02,0,96,67,72,-9999,-9999,-9999,-9999
"GHCND:USC00193229",7,"2018",2018-07-03,0,96,71,72,-9999,-9999,-9999,-9999
"GHCND:USC00193229",7,"2018",2018-07-04,0,93,68,68,-9999,-9999,-9999,-9999
"GHCND:USC00193229",7,"2018",2018-07-05,0,93,68,72,-9999,-9999,-9999,-9999
"GHCND:USC00193229",7,"2018",2018-07-06,0,90,72,76,-9999,-9999,-9999,-9999
"GHCND:USC00193229",7,"2018",2018-07-07,0.4,85,49,49,-9999,-9999,-9999,-9999
"GHCND:USC00193229",7,"2018",2018-07-08,0,80,49,52,-9999,-9999,-9999,-9999
"GHCND:USC00193229",7,"2018",2018-07-09,0,84,52,58,-9999,-9999,-9999,-9999
"GHCND:USC00193229",7,"2018",2018-07-10,0,90,58,61,-9999,-9999,-9999,-9999
"GHCND:USC00193229",7,"2018",2018-07-11,0,91,61,65,-9999,-9999,-9999,-9999
"GHCND:USC00193229",7,"2018",2018-07-12,0,82,52,55,-9999,-9999,-9999,-9999
"GHCND:USC00193229",7,"2018",2018-07-13,0,83,52,58,-9999,-9999,-9999,-9999
"GHCND:USC00193229",7,"2018",2018-07-14,0,86,58,64,-9999,-9999,-9999,-9999
"GHCND:USC00193229",7,"2018",2018-07-15,0,81,64,68,-9999,-9999,-9999,-9999
"GHCND:USC00193229",7,"2018",2018-07-16,0,90,65,67,-9999,-9999,-9999,-9999
"GHCND:USC00193229",7,"2018",2018-07-17,0,93,65,72,-9999,-9999,-9999,-9999
"GHCND:USC00193229",7,"2018",2018-07-18,1.37,86,62,65,-9999,-9999,-9999,-9999
"GHCND:USC00193229",7,"2018",2018-07-19,0,80,50,51,-9999,-9999,-9999,-9999
"GHCND:USC00193229",7,"2018",2018-07-20,0,81,51,55,-9999,-9999,-9999,-9999
"GHCND:USC00193229",7,"2018",2018-07-21,0,85,55,57,1,-9999,-9999,-9999
"GHCND:USC00193229",7,"2018",2018-07-22,0,81,57,62,-9999,-9999,-9999,-9999
"GHCND:USC00193229",7,"2018",2018-07-23,1.7,84,62,71,-9999,-9999,-9999,-9999
"GHCND:USC00193229",7,"2018",2018-07-24,0.7,81,70,71,-9999,-9999,-9999,-9999
"GHCND:USC00193229",7,"2018",2018-07-25,0.05,86,71,74,-9999,-9999,-9999,-9999
"GHCND:USC00193229",7,"2018",2018-07-26,1.2,81,69,70,-9999,-9999,-9999,-9999
"GHCND:USC00193229",7,"2018",2018-07-27,0.65,82,66,67,1,-9999,-9999,-9999
"GHCND:USC00193229",7,"2018",2018-07-28,0.51,88,66,66,-9999,-9999,-9999,-9999
"GHCND:USC00193229",7,"2018",2018-07-29,0,85,63,63,1,-9999,-9999,-9999
"GHCND:USC00193229",7,"2018",2018-07-30,0,81,57,58,-9999,-9999,-9999,-9999
"GHCND:USC00193229",7,"2018",2018-07-31,0,82,58,62,-9999,-9999,-9999,-9999
"GHCND:USC00193229",8,"2018",2018-08-01,0,85,62,63,-9999,-9999,-9999,-9999
"GHCND:USC00193229",8,"2018",2018-08-02,0.67,79,63,74,-9999,-9999,-9999,-9999
"GHCND:USC00193229",8,"2018",2018-08-03,0.02,89,69,69,-9999,-9999,-9999,-9999
"GHCND:USC00193229",8,"2018",2018-08-04,1.85,89,69,71,-9999,-9999,-9999,-9999
"GHCND:USC00193229",8,"2018",2018-08-05,0.3,89,64,64,-9999,-9999,-9999,-9999
"GHCND:USC00193229",8,"2018",2018-08-06,0,89,63,66,1,-9999,-9999,-9999
"GHCND:USC00193229",8,"2018",2018-08-07,0,92,66,69,-9999,1,-9999,-9999
"GHCND:USC00193229",8,"2018",2018-08-08,0.05,92,66,69,1,-9999,-9999,-9999
"GHCND:USC00193229",8,"2018",2018-08-09,1.8,87,69,70,1,-9999,-9999,-9999
"GHCND:USC00193229",8,"2018",2018-08-10,0,86,61,68,-9999,-9999,-9999,-9999
"GHCND:USC00193229",8,"2018",2018-08-11,0.03,83,62,63,-9999,-9999,-9999,-9999
"GHCND:USC00193229",8,"2018",2018-08-12,3.56,69,62,65,-9999,-9999,-9999,-9999
"GHCND:USC00193229",8,"2018",2018-08-13,0,73,65,67,-9999,-9999,-9999,-9999
"GHCND:USC00193229",8,"2018",2018-08-14,0.65,73,67,68,-9999,-9999,-9999,-9999
"GHCND:USC00193229",8,"2018",2018-08-15,0.04,80,66,66,-9999,-9999,-9999,-9999
"GHCND:USC00193229",8,"2018",2018-08-16,0,87,66,67,-9999,-9999,-9999,-9999
"GHCND:USC00193229",8,"2018",2018-08-17,0,88,66,67,-9999,-9999,-9999,-9999
"GHCND:USC00193229",8,"2018",2018-08-18,0.95,83,67,71,-9999,-9999,-9999,-9999
"GHCND:USC00193229",8,"2018",2018-08-19,0,83,65,65,-9999,-9999,-9999,-9999
"GHCND:USC00193229",8,"2018",2018-08-20,0,78,60,62,-9999,-9999,-9999,-9999
"GHCND:USC00193229",8,"2018",2018-08-21,0,80,56,57,-9999,-9999,-9999,-9999
"GHCND:USC00193229",8,"2018",2018-08-22,0.1,77,57,65,-9999,-9999,-9999,-9999
"GHCND:USC00193229",8,"2018",2018-08-23,0.6,80,57,60,-9999,-9999,-9999,-9999
"GHCND:USC00193229",8,"2018",2018-08-24,0,76,53,55,-9999,-9999,-9999,-9999
"GHCND:USC00193229",8,"2018",2018-08-25,0,83,54,58,1,-9999,-9999,-9999
"GHCND:USC00193229",8,"2018",2018-08-26,0,80,56,57,-9999,-9999,-9999,-9999
"GHCND:USC00193229",8,"2018",2018-08-27,0,82,57,64,1,-9999,-9999,-9999
"GHCND:USC00193229",8,"2018",2018-08-28,0,86,64,67,-9999,-9999,-9999,-9999
"GHCND:USC00193229",8,"2018",2018-08-29,0,93,67,70,-9999,1,-9999,-9999
"GHCND:USC00193229",8,"2018",2018-08-30,0,94,67,70,-9999,-9999,-9999,-9999
"GHCND:USC00193229",8,"2018",2018-08-31,0,84,58,61,-9999,-9999,-9999,-9999
"GHCND:USC00193229",9,"2018",2018-09-01,0,75,59,59,-9999,-9999,-9999,-9999
"GHCND:USC00193229",9,"2018",2018-09-02,0,75,58,58,1,-9999,-9999,-9999
"GHCND:USC00193229",9,"2018",2018-09-03,0,83,58,69,1,-9999,-9999,-9999
"GHCND:USC00193229",9,"2018",2018-09-04,0,92,62,69,-9999,-9999,-9999,-9999
"GHCND:USC00193229",9,"2018",2018-09-05,0,89,63,63,-9999,-9999,-9999,-9999
"GHCND:USC00193229",9,"2018",2018-09-06,0,89,63,73,-9999,-9999,-9999,-9999
"GHCND:USC00193229",9,"2018",2018-09-07,0.03,92,64,64,-9999,-9999,-9999,-9999
"GHCND:USC00193229",9,"2018",2018-09-08,0,70,57,57,-9999,-9999,-9999,-9999
"GHCND:USC00193229",9,"2018",2018-09-09,0,67,47,47,-9999,-9999,-9999,-9999
"GHCND:USC00193229",9,"2018",2018-09-10,0,62,47,49,-9999,-9999,-9999,-9999
"GHCND:USC00193229",9,"2018",2018-09-11,1.48,60,49,58,-9999,-9999,-9999,-9999
"GHCND:USC00193229",9,"2018",2018-09-12,0.04,76,58,66,-9999,-9999,-9999,-9999
"GHCND:USC00193229",9,"2018",2018-09-13,0.41,69,63,63,-9999,-9999,-9999,-9999
"GHCND:USC00193229",9,"2018",2018-09-14,0.02,73,63,63,-9999,-9999,-9999,-9999
"GHCND:USC00193229",9,"2018",2018-09-15,0,79,63,63,1,-9999,-9999,-9999
"GHCND:USC00193229",9,"2018",2018-09-16,0,83,61,62,1,-9999,-9999,-9999
"GHCND:USC00193229",9,"2018",2018-09-17,0.02,86,62,67,-9999,-9999,-9999,-9999
"GHCND:USC00193229",9,"2018",2018-09-18,1.6,82,67,67,-9999,-9999,-9999,-9999
"GHCND:USC00193229",9,"2018",2018-09-19,1.06,78,61,64,-9999,-9999,-9999,-9999
"GHCND:USC00193229",9,"2018",2018-09-20,0.1,77,58,59,-9999,-9999,-9999,-9999
"GHCND:USC00193229",9,"2018",2018-09-21,0.01,71,58,58,-9999,-9999,-9999,-9999
"GHCND:USC00193229",9,"2018",2018-09-22,0.04,68,58,65,-9999,-9999,-9999,-9999
"GHCND:USC00193229",9,"2018",2018-09-23,0,69,45,45,-9999,-9999,-9999,-9999
"GHCND:USC00193229",9,"2018",2018-09-24,0,62,44,51,-9999,-9999,-9999,-9999
"GHCND:USC00193229",9,"2018",2018-09-25,0.1,57,45,48,-9999,-9999,-9999,-9999
"GHCND:USC00193229",9,"2018",2018-09-26,1.25,58,48,58,-9999,-9999,-9999,-9999
"GHCND:USC00193229",9,"2018",2018-09-27,0.66,79,54,55,-9999,-9999,-9999,-9999
"GHCND:USC00193229",9,"2018",2018-09-28,0.25,71,52,52,-9999,-9999,-9999,-9999
"GHCND:USC00193229",9,"2018",2018-09-29,0.05,62,50,50,1,-9999,-9999,-9999
"GHCND:USC00193229",9,"2018",2018-09-30,0,68,44,44,-9999,-9999,-9999,-9999
