,Unnamed: 0,County,Lat,Long,Config,Crop,Solar capacity,CAPEX,PPA price,Open Air Crop Profit,Specific Crop Profit,NPV,IRR,Capacity Factor,Annual Energy Production (year 1),Energy Value (year 1),Discounted Payback,$/W
3150,0,ADAMS,39.87363358,-104.3379352,31.7ft,Onions,23861.1177,31900157.65,0.051,0,0,2003595.531,11.26885583,23.71791175,49575983.42,2528436.625,16,1.3
3192,42,ADAMS,39.87363358,-104.3379352,31.7ft,Onions,23861.1177,32377380,0.051,0,0,1666997.388,10.87747657,23.71791175,49575983.42,2528436.625,19,1.32
3213,63,ADAMS,39.87363358,-104.3379352,31.7ft,Onions,23861.1177,32615991.18,0.051,0,0,1498698.317,10.68502534,23.71791175,49575983.42,2528436.625,20,1.33
3171,21,ADAMS,39.87363358,-104.3379352,31.7ft,Onions,23861.1177,32138768.82,0.051,0,0,1835296.46,11.07206403,23.71791175,49575983.42,2528436.625,19,1.31
3234,84,ADAMS,39.87363358,-104.3379352,31.7ft,Onions,23861.1177,32854602.36,0.051,0,0,1330399.245,10.49469884,23.71791175,49575983.42,2528436.625,20,1.34
4305,105,ADAMS,39.87363358,-104.3379352,36.7ft,Onions,20408.7303,28314127.03,0.051,0,0,1170516.087,10.52364049,23.88826059,42707546.33,2178137.51,20,1.35
4326,126,ADAMS,39.87363358,-104.3379352,36.7ft,Onions,20408.7303,28518214.33,0.051,0,0,1026567.66,10.33675303,23.88826059,42707546.33,2178137.51,20,1.36
4347,147,ADAMS,39.87363358,-104.3379352,36.7ft,Onions,20408.7303,28722301.63,0.051,0,0,882619.233,10.15188264,23.88826059,42707546.33,2178137.51,21,1.37
4368,168,ADAMS,39.87363358,-104.3379352,36.7ft,Onions,20408.7303,28926388.93,0.051,0,0,738670.806,9.968970597,23.88826059,42707546.33,2178137.51,22,1.38
5439,189,ADAMS,39.87363358,-104.3379352,41.7ft,Onions,18112.6449,25858499.58,0.051,0,0,600333.3513,9.886700163,23.96448683,38023677.05,1939254.168,22,1.39
9702,252,ADAMS,39.87363358,-104.3379352,61.7ft,Onions,12075.0966,17610629.89,0.051,0,0,283512.343,9.634175539,24.1891252,25586735.65,1304954.712,23,1.42
9723,273,ADAMS,39.87363358,-104.3379352,61.7ft,Onions,12075.0966,17731380.86,0.051,0,0,198343.3425,9.459649586,24.1891252,25586735.65,1304954.712,24,1.43
11844,294,ADAMS,39.87363358,-104.3379352,71.7ft,Onions,10381.9401,15351186.93,0.051,0,0,116216.2313,9.33084006,24.22905874,22035310.16,1123827.606,24,1.44
11865,315,ADAMS,39.87363358,-104.3379352,71.7ft,Onions,10381.9401,15455006.33,0.051,0,0,42989.53255,9.159670324,24.22905874,22035310.16,1123827.606,25,1.45
7560,210,ADAMS,39.87363358,-104.3379352,51.7ft,Onions,14660.2575,21082814.78,0.051,0,0,487376.5884,9.882720169,24.10278982,30953732.02,1578678.16,22,1.4
7581,231,ADAMS,39.87363358,-104.3379352,51.7ft,Onions,14660.2575,21229417.35,0.051,0,0,383973.7321,9.704795365,24.10278982,30953732.02,1578678.16,23,1.41
3154,4,ADAMS,39.87363358,-104.3379352,31.7ft,Onions,23861.1177,31900157.65,0.051,32000,20121.21212,2186123.023,11.45665846,23.71791175,49575983.42,2528436.625,15,1.3
3196,46,ADAMS,39.87363358,-104.3379352,31.7ft,Onions,23861.1177,32377380,0.051,32000,20121.21212,1849524.88,11.06519503,23.71791175,49575983.42,2528436.625,19,1.32
3217,67,ADAMS,39.87363358,-104.3379352,31.7ft,Onions,23861.1177,32615991.18,0.051,32000,20121.21212,1681225.808,10.87272683,23.71791175,49575983.42,2528436.625,19,1.33
3175,25,ADAMS,39.87363358,-104.3379352,31.7ft,Onions,23861.1177,32138768.82,0.051,32000,20121.21212,2017823.951,11.25983281,23.71791175,49575983.42,2528436.625,17,1.31
3238,88,ADAMS,39.87363358,-104.3379352,31.7ft,Onions,23861.1177,32854602.36,0.051,32000,20121.21212,1512926.737,10.68236143,23.71791175,49575983.42,2528436.625,20,1.34
3259,109,ADAMS,39.87363358,-104.3379352,31.7ft,Onions,23861.1177,33093213.53,0.051,32000,20121.21212,1344627.665,10.49408794,23.71791175,49575983.42,2528436.625,20,1.35
4330,130,ADAMS,39.87363358,-104.3379352,36.7ft,Onions,20408.7303,28518214.33,0.051,32000,17212.12121,1182705.635,10.52274974,23.88826059,42707546.33,2178137.51,20,1.36
4351,151,ADAMS,39.87363358,-104.3379352,36.7ft,Onions,20408.7303,28722301.63,0.051,32000,17212.12121,1038757.208,10.33785193,23.88826059,42707546.33,2178137.51,21,1.37
7522,172,ADAMS,39.87363358,-104.3379352,51.7ft,Onions,14660.2575,20789609.63,0.051,32000,24727.27273,918493.1943,10.60976129,24.10278982,30953732.02,1578678.16,20,1.38
7543,193,ADAMS,39.87363358,-104.3379352,51.7ft,Onions,14660.2575,20936212.2,0.051,32000,24727.27273,815090.338,10.42804031,24.10278982,30953732.02,1578678.16,20,1.39
7606,256,ADAMS,39.87363358,-104.3379352,51.7ft,Onions,14660.2575,21376019.93,0.051,32000,24727.27273,504881.7691,9.894233559,24.10278982,30953732.02,1578678.16,22,1.42
11827,277,ADAMS,39.87363358,-104.3379352,71.7ft,Onions,10381.9401,15247367.53,0.051,32000,26181.81818,426948.5818,10.04392241,24.22905874,22035310.16,1123827.606,21,1.43
11848,298,ADAMS,39.87363358,-104.3379352,71.7ft,Onions,10381.9401,15351186.93,0.051,32000,26181.81818,353721.883,9.871017252,24.22905874,22035310.16,1123827.606,22,1.44
11869,319,ADAMS,39.87363358,-104.3379352,71.7ft,Onions,10381.9401,15455006.33,0.051,32000,26181.81818,280495.1842,9.699838457,24.22905874,22035310.16,1123827.606,23,1.45
11890,340,ADAMS,39.87363358,-104.3379352,71.7ft,Onions,10381.9401,15558825.73,0.051,32000,26181.81818,207268.4854,9.530422705,24.22905874,22035310.16,1123827.606,23,1.46
11911,361,ADAMS,39.87363358,-104.3379352,71.7ft,Onions,10381.9401,15662645.13,0.051,32000,26181.81818,134041.7866,9.36271009,24.22905874,22035310.16,1123827.606,24,1.47
7564,214,ADAMS,39.87363358,-104.3379352,51.7ft,Onions,14660.2575,21082814.78,0.051,32000,24727.27273,711687.4817,10.24822908,24.10278982,30953732.02,1578678.16,21,1.4
11932,382,ADAMS,39.87363358,-104.3379352,71.7ft,Onions,10381.9401,15766464.53,0.051,32000,26181.81818,60815.08782,9.19664695,24.22905874,22035310.16,1123827.606,25,1.48
7585,235,ADAMS,39.87363358,-104.3379352,51.7ft,Onions,14660.2575,21229417.35,0.051,32000,24727.27273,608284.6254,10.07030203,24.10278982,30953732.02,1578678.16,21,1.41
3152,2,ADAMS,39.87363358,-104.3379352,31.7ft,Onions,23861.1177,31900157.65,0.051,16000,10060.60606,2094859.277,11.36299789,23.71791175,49575983.42,2528436.625,16,1.3
3194,44,ADAMS,39.87363358,-104.3379352,31.7ft,Onions,23861.1177,32377380,0.051,16000,10060.60606,1758261.134,10.9715815,23.71791175,49575983.42,2528436.625,19,1.32
3215,65,ADAMS,39.87363358,-104.3379352,31.7ft,Onions,23861.1177,32615991.18,0.051,16000,10060.60606,1589962.062,10.77911102,23.71791175,49575983.42,2528436.625,19,1.33
3173,23,ADAMS,39.87363358,-104.3379352,31.7ft,Onions,23861.1177,32138768.82,0.051,16000,10060.60606,1926560.205,11.16618203,23.71791175,49575983.42,2528436.625,17,1.31
3236,86,ADAMS,39.87363358,-104.3379352,31.7ft,Onions,23861.1177,32854602.36,0.051,16000,10060.60606,1421662.991,10.588781,23.71791175,49575983.42,2528436.625,20,1.34
3257,107,ADAMS,39.87363358,-104.3379352,31.7ft,Onions,23861.1177,33093213.53,0.051,16000,10060.60606,1253363.919,10.40049784,23.71791175,49575983.42,2528436.625,20,1.35
4328,128,ADAMS,39.87363358,-104.3379352,36.7ft,Onions,20408.7303,28518214.33,0.051,16000,8606.060606,1104636.647,10.43000316,23.88826059,42707546.33,2178137.51,20,1.36
4349,149,ADAMS,39.87363358,-104.3379352,36.7ft,Onions,20408.7303,28722301.63,0.051,16000,8606.060606,960688.2204,10.24511872,23.88826059,42707546.33,2178137.51,21,1.37
4370,170,ADAMS,39.87363358,-104.3379352,36.7ft,Onions,20408.7303,28926388.93,0.051,16000,8606.060606,816739.7934,10.0622059,23.88826059,42707546.33,2178137.51,21,1.38
7541,191,ADAMS,39.87363358,-104.3379352,51.7ft,Onions,14660.2575,20936212.2,0.051,16000,12363.63636,702934.8913,10.24622107,24.10278982,30953732.02,1578678.16,21,1.39
7604,254,ADAMS,39.87363358,-104.3379352,51.7ft,Onions,14660.2575,21376019.93,0.051,16000,12363.63636,392726.3225,9.712456773,24.10278982,30953732.02,1578678.16,23,1.42
11825,275,ADAMS,39.87363358,-104.3379352,71.7ft,Onions,10381.9401,15247367.53,0.051,16000,13090.90909,308195.756,9.7759572,24.22905874,22035310.16,1123827.606,22,1.43
11846,296,ADAMS,39.87363358,-104.3379352,71.7ft,Onions,10381.9401,15351186.93,0.051,16000,13090.90909,234969.0572,9.603067989,24.22905874,22035310.16,1123827.606,23,1.44
11867,317,ADAMS,39.87363358,-104.3379352,71.7ft,Onions,10381.9401,15455006.33,0.051,16000,13090.90909,161742.3584,9.431936807,24.22905874,22035310.16,1123827.606,24,1.45
11888,338,ADAMS,39.87363358,-104.3379352,71.7ft,Onions,10381.9401,15558825.73,0.051,16000,13090.90909,88515.65958,9.262517603,24.22905874,22035310.16,1123827.606,25,1.46
11909,359,ADAMS,39.87363358,-104.3379352,71.7ft,Onions,10381.9401,15662645.13,0.051,16000,13090.90909,15288.96079,9.09479741,24.22905874,22035310.16,1123827.606,25,1.47
7562,212,ADAMS,39.87363358,-104.3379352,51.7ft,Onions,14660.2575,21082814.78,0.051,16000,12363.63636,599532.0351,10.06643571,24.10278982,30953732.02,1578678.16,21,1.4
7583,233,ADAMS,39.87363358,-104.3379352,51.7ft,Onions,14660.2575,21229417.35,0.051,16000,12363.63636,496129.1788,9.888537498,24.10278982,30953732.02,1578678.16,22,1.41
3156,6,ADAMS,39.87363358,-104.3379352,31.7ft,Onions,23861.1177,31900157.65,0.051,48000,30181.81818,2277386.768,11.54984591,23.71791175,49575983.42,2528436.625,13,1.3
3198,48,ADAMS,39.87363358,-104.3379352,31.7ft,Onions,23861.1177,32377380,0.051,48000,30181.81818,1940788.625,11.15832551,23.71791175,49575983.42,2528436.625,18,1.32
3219,69,ADAMS,39.87363358,-104.3379352,31.7ft,Onions,23861.1177,32615991.18,0.051,48000,30181.81818,1772489.554,10.96583847,23.71791175,49575983.42,2528436.625,19,1.33
3177,27,ADAMS,39.87363358,-104.3379352,31.7ft,Onions,23861.1177,32138768.82,0.051,48000,30181.81818,2109087.697,11.35299285,23.71791175,49575983.42,2528436.625,16,1.31
3240,90,ADAMS,39.87363358,-104.3379352,31.7ft,Onions,23861.1177,32854602.36,0.051,48000,30181.81818,1604190.483,10.77544812,23.71791175,49575983.42,2528436.625,19,1.34
3261,111,ADAMS,39.87363358,-104.3379352,31.7ft,Onions,23861.1177,33093213.53,0.051,48000,30181.81818,1435891.411,10.58716511,23.71791175,49575983.42,2528436.625,20,1.35
3282,132,ADAMS,39.87363358,-104.3379352,31.7ft,Onions,23861.1177,33331824.71,0.051,48000,30181.81818,1267592.34,10.40089693,23.71791175,49575983.42,2528436.625,20,1.36
7503,153,ADAMS,39.87363358,-104.3379352,51.7ft,Onions,14660.2575,20643007.05,0.051,48000,37090.90909,1134051.497,10.97350298,24.10278982,30953732.02,1578678.16,19,1.37
7524,174,ADAMS,39.87363358,-104.3379352,51.7ft,Onions,14660.2575,20789609.63,0.051,48000,37090.90909,1030648.641,10.78977837,24.10278982,30953732.02,1578678.16,19,1.38
7545,195,ADAMS,39.87363358,-104.3379352,51.7ft,Onions,14660.2575,20936212.2,0.051,48000,37090.90909,927245.7846,10.60800297,24.10278982,30953732.02,1578678.16,20,1.39
11808,258,ADAMS,39.87363358,-104.3379352,71.7ft,Onions,10381.9401,15143548.13,0.051,48000,39272.72727,618928.1064,10.48261647,24.22905874,22035310.16,1123827.606,20,1.42
11976,426,ADAMS,39.87363358,-104.3379352,71.7ft,Onions,10381.9401,15974103.33,0.051,48000,39272.72727,33114.51606,9.133090349,24.22905874,22035310.16,1123827.606,25,1.5
11829,279,ADAMS,39.87363358,-104.3379352,71.7ft,Onions,10381.9401,15247367.53,0.051,48000,39272.72727,545701.4076,10.3078291,24.22905874,22035310.16,1123827.606,21,1.43
11850,300,ADAMS,39.87363358,-104.3379352,71.7ft,Onions,10381.9401,15351186.93,0.051,48000,39272.72727,472474.7088,10.1348382,24.22905874,22035310.16,1123827.606,21,1.44
11871,321,ADAMS,39.87363358,-104.3379352,71.7ft,Onions,10381.9401,15455006.33,0.051,48000,39272.72727,399248.01,9.963643583,24.22905874,22035310.16,1123827.606,22,1.45
11892,342,ADAMS,39.87363358,-104.3379352,71.7ft,Onions,10381.9401,15558825.73,0.051,48000,39272.72727,326021.3112,9.794170358,24.22905874,22035310.16,1123827.606,22,1.46
11913,363,ADAMS,39.87363358,-104.3379352,71.7ft,Onions,10381.9401,15662645.13,0.051,48000,39272.72727,252794.6125,9.6263935,24.22905874,22035310.16,1123827.606,23,1.47
7566,216,ADAMS,39.87363358,-104.3379352,51.7ft,Onions,14660.2575,21082814.78,0.051,48000,37090.90909,823842.9283,10.42815882,24.10278982,30953732.02,1578678.16,20,1.4
11934,384,ADAMS,39.87363358,-104.3379352,71.7ft,Onions,10381.9401,15766464.53,0.051,48000,39272.72727,179567.9137,9.460334241,24.22905874,22035310.16,1123827.606,24,1.48
7587,237,ADAMS,39.87363358,-104.3379352,51.7ft,Onions,14660.2575,21229417.35,0.051,48000,37090.90909,720440.072,10.25019568,24.10278982,30953732.02,1578678.16,21,1.41
11955,405,ADAMS,39.87363358,-104.3379352,71.7ft,Onions,10381.9401,15870283.93,0.051,48000,39272.72727,106341.2149,9.295898966,24.22905874,22035310.16,1123827.606,24,1.49
3158,8,ADAMS,39.87363358,-104.3379352,31.7ft,Onions,23861.1177,31900157.65,0.051,64000,40242.42424,2368650.514,11.64256836,23.71791175,49575983.42,2528436.625,12,1.3
3200,50,ADAMS,39.87363358,-104.3379352,31.7ft,Onions,23861.1177,32377380,0.051,64000,40242.42424,2032052.371,11.25100119,23.71791175,49575983.42,2528436.625,17,1.32
3221,71,ADAMS,39.87363358,-104.3379352,31.7ft,Onions,23861.1177,32615991.18,0.051,64000,40242.42424,1863753.3,11.0584718,23.71791175,49575983.42,2528436.625,19,1.33
3179,29,ADAMS,39.87363358,-104.3379352,31.7ft,Onions,23861.1177,32138768.82,0.051,64000,40242.42424,2200351.443,11.44568401,23.71791175,49575983.42,2528436.625,15,1.31
3242,92,ADAMS,39.87363358,-104.3379352,31.7ft,Onions,23861.1177,32854602.36,0.051,64000,40242.42424,1695454.228,10.86807794,23.71791175,49575983.42,2528436.625,19,1.34
3263,113,ADAMS,39.87363358,-104.3379352,31.7ft,Onions,23861.1177,33093213.53,0.051,64000,40242.42424,1527155.157,10.67975413,23.71791175,49575983.42,2528436.625,20,1.35
3284,134,ADAMS,39.87363358,-104.3379352,31.7ft,Onions,23861.1177,33331824.71,0.051,64000,40242.42424,1358856.085,10.49349003,23.71791175,49575983.42,2528436.625,20,1.36
7505,155,ADAMS,39.87363358,-104.3379352,51.7ft,Onions,14660.2575,20643007.05,0.051,64000,49454.54545,1246206.944,11.15180209,24.10278982,30953732.02,1578678.16,18,1.37
7526,176,ADAMS,39.87363358,-104.3379352,51.7ft,Onions,14660.2575,20789609.63,0.051,64000,49454.54545,1142804.088,10.96801624,24.10278982,30953732.02,1578678.16,19,1.38
7547,197,ADAMS,39.87363358,-104.3379352,51.7ft,Onions,14660.2575,20936212.2,0.051,64000,49454.54545,1039401.231,10.78618851,24.10278982,30953732.02,1578678.16,19,1.39
11810,260,ADAMS,39.87363358,-104.3379352,71.7ft,Onions,10381.9401,15143548.13,0.051,64000,52363.63636,737680.9323,10.74276653,24.22905874,22035310.16,1123827.606,19,1.42
11978,428,ADAMS,39.87363358,-104.3379352,71.7ft,Onions,10381.9401,15974103.33,0.051,64000,52363.63636,151867.3419,9.392677393,24.22905874,22035310.16,1123827.606,24,1.5
11831,281,ADAMS,39.87363358,-104.3379352,71.7ft,Onions,10381.9401,15247367.53,0.051,64000,52363.63636,664454.2335,10.56789587,24.22905874,22035310.16,1123827.606,20,1.43
11999,449,ADAMS,39.87363358,-104.3379352,71.7ft,Onions,10381.9401,16077922.73,0.051,64000,52363.63636,78640.64309,9.231414115,24.22905874,22035310.16,1123827.606,25,1.51
11852,302,ADAMS,39.87363358,-104.3379352,71.7ft,Onions,10381.9401,15351186.93,0.051,64000,52363.63636,591227.5347,10.39481003,24.22905874,22035310.16,1123827.606,20,1.44
12020,470,ADAMS,39.87363358,-104.3379352,71.7ft,Onions,10381.9401,16181742.14,0.051,64000,52363.63636,5413.944297,9.071733194,24.22905874,22035310.16,1123827.606,25,1.52
11873,323,ADAMS,39.87363358,-104.3379352,71.7ft,Onions,10381.9401,15455006.33,0.051,64000,52363.63636,518000.8359,10.2235303,24.22905874,22035310.16,1123827.606,21,1.45
11894,344,ADAMS,39.87363358,-104.3379352,71.7ft,Onions,10381.9401,15558825.73,0.051,64000,52363.63636,444774.1371,10.05398273,24.22905874,22035310.16,1123827.606,21,1.46
11915,365,ADAMS,39.87363358,-104.3379352,71.7ft,Onions,10381.9401,15662645.13,0.051,64000,52363.63636,371547.4383,9.886162363,24.22905874,22035310.16,1123827.606,22,1.47
7568,218,ADAMS,39.87363358,-104.3379352,51.7ft,Onions,14660.2575,21082814.78,0.051,64000,49454.54545,935998.3749,10.6062805,24.10278982,30953732.02,1578678.16,20,1.4
11936,386,ADAMS,39.87363358,-104.3379352,71.7ft,Onions,10381.9401,15766464.53,0.051,64000,52363.63636,298320.7395,9.720002763,24.22905874,22035310.16,1123827.606,23,1.48
7589,239,ADAMS,39.87363358,-104.3379352,51.7ft,Onions,14660.2575,21229417.35,0.051,64000,49454.54545,832595.5186,10.42827491,24.10278982,30953732.02,1578678.16,20,1.41
11957,407,ADAMS,39.87363358,-104.3379352,71.7ft,Onions,10381.9401,15870283.93,0.051,64000,52363.63636,225094.0407,9.555524417,24.22905874,22035310.16,1123827.606,23,1.49
3160,10,ADAMS,39.87363358,-104.3379352,31.7ft,Onions,23861.1177,31900157.65,0.051,80000,50303.0303,2459914.26,11.73485347,23.71791175,49575983.42,2528436.625,11,1.3
3202,52,ADAMS,39.87363358,-104.3379352,31.7ft,Onions,23861.1177,32377380,0.051,80000,50303.0303,2123316.117,11.34319892,23.71791175,49575983.42,2528436.625,16,1.32
3223,73,ADAMS,39.87363358,-104.3379352,31.7ft,Onions,23861.1177,32615991.18,0.051,80000,50303.0303,1955017.046,11.15063484,23.71791175,49575983.42,2528436.625,18,1.33
3181,31,ADAMS,39.87363358,-104.3379352,31.7ft,Onions,23861.1177,32138768.82,0.051,80000,50303.0303,2291615.188,11.53791433,23.71791175,49575983.42,2528436.625,14,1.31
3244,94,ADAMS,39.87363358,-104.3379352,31.7ft,Onions,23861.1177,32854602.36,0.051,80000,50303.0303,1786717.974,10.96021672,23.71791175,49575983.42,2528436.625,19,1.34
3265,115,ADAMS,39.87363358,-104.3379352,31.7ft,Onions,23861.1177,33093213.53,0.051,80000,50303.0303,1618418.903,10.77186261,23.71791175,49575983.42,2528436.625,19,1.35
7486,136,ADAMS,39.87363358,-104.3379352,51.7ft,Onions,14660.2575,20496404.48,0.051,80000,61818.18182,1461765.247,11.51430173,24.10278982,30953732.02,1578678.16,15,1.36
7507,157,ADAMS,39.87363358,-104.3379352,51.7ft,Onions,14660.2575,20643007.05,0.051,80000,61818.18182,1358362.39,11.32842467,24.10278982,30953732.02,1578678.16,16,1.37
7528,178,ADAMS,39.87363358,-104.3379352,51.7ft,Onions,14660.2575,20789609.63,0.051,80000,61818.18182,1254959.534,11.14453792,24.10278982,30953732.02,1578678.16,18,1.38
7549,199,ADAMS,39.87363358,-104.3379352,51.7ft,Onions,14660.2575,20936212.2,0.051,80000,61818.18182,1151556.678,10.96264023,24.10278982,30953732.02,1578678.16,19,1.39
11812,262,ADAMS,39.87363358,-104.3379352,71.7ft,Onions,10381.9401,15143548.13,0.051,80000,65454.54545,856433.7581,10.99930961,24.22905874,22035310.16,1123827.606,19,1.42
11980,430,ADAMS,39.87363358,-104.3379352,71.7ft,Onions,10381.9401,15974103.33,0.051,80000,65454.54545,270620.1677,9.648368424,24.22905874,22035310.16,1123827.606,23,1.5
11833,283,ADAMS,39.87363358,-104.3379352,71.7ft,Onions,10381.9401,15247367.53,0.051,80000,65454.54545,783207.0593,10.82430346,24.22905874,22035310.16,1123827.606,19,1.43
12001,451,ADAMS,39.87363358,-104.3379352,71.7ft,Onions,10381.9401,16077922.73,0.051,80000,65454.54545,197393.4689,9.487062613,24.22905874,22035310.16,1123827.606,24,1.51
11854,304,ADAMS,39.87363358,-104.3379352,71.7ft,Onions,10381.9401,15351186.93,0.051,80000,65454.54545,709980.3605,10.65110359,24.22905874,22035310.16,1123827.606,20,1.44
12022,472,ADAMS,39.87363358,-104.3379352,71.7ft,Onions,10381.9401,16181742.14,0.051,80000,65454.54545,124166.7701,9.327334774,24.22905874,22035310.16,1123827.606,24,1.52
11875,325,ADAMS,39.87363358,-104.3379352,71.7ft,Onions,10381.9401,15455006.33,0.051,80000,65454.54545,636753.6617,10.47970226,24.22905874,22035310.16,1123827.606,20,1.45
12043,493,ADAMS,39.87363358,-104.3379352,71.7ft,Onions,10381.9401,16285561.54,0.051,80000,65454.54545,50940.07133,9.169130179,24.22905874,22035310.16,1123827.606,25,1.53
11896,346,ADAMS,39.87363358,-104.3379352,71.7ft,Onions,10381.9401,15558825.73,0.051,80000,65454.54545,563526.9629,10.31004363,24.22905874,22035310.16,1123827.606,21,1.46
11917,367,ADAMS,39.87363358,-104.3379352,71.7ft,Onions,10381.9401,15662645.13,0.051,80000,65454.54545,490300.2641,10.14212021,24.22905874,22035310.16,1123827.606,21,1.47
7570,220,ADAMS,39.87363358,-104.3379352,51.7ft,Onions,14660.2575,21082814.78,0.051,80000,61818.18182,1048153.822,10.7826711,24.10278982,30953732.02,1578678.16,19,1.4
11938,388,ADAMS,39.87363358,-104.3379352,71.7ft,Onions,10381.9401,15766464.53,0.051,80000,65454.54545,417073.5653,9.975884994,24.22905874,22035310.16,1123827.606,22,1.48
7591,241,ADAMS,39.87363358,-104.3379352,51.7ft,Onions,14660.2575,21229417.35,0.051,80000,61818.18182,944750.9652,10.60459281,24.10278982,30953732.02,1578678.16,20,1.41
11959,409,ADAMS,39.87363358,-104.3379352,71.7ft,Onions,10381.9401,15870283.93,0.051,80000,65454.54545,343846.8665,9.811313637,24.22905874,22035310.16,1123827.606,22,1.49
3166,16,ADAMS,39.87363358,-104.3379352,31.7ft,Onions,23861.1177,31900157.65,0.051,128000,80484.84848,2733705.497,12.00900922,23.71791175,49575983.42,2528436.625,10,1.3
3208,58,ADAMS,39.87363358,-104.3379352,31.7ft,Onions,23861.1177,32377380,0.051,128000,80484.84848,2397107.354,11.61708241,23.71791175,49575983.42,2528436.625,13,1.32
3229,79,ADAMS,39.87363358,-104.3379352,31.7ft,Onions,23861.1177,32615991.18,0.051,128000,80484.84848,2228808.283,11.4244191,23.71791175,49575983.42,2528436.625,16,1.33
3187,37,ADAMS,39.87363358,-104.3379352,31.7ft,Onions,23861.1177,32138768.82,0.051,128000,80484.84848,2565406.426,11.8119432,23.71791175,49575983.42,2528436.625,10,1.31
3250,100,ADAMS,39.87363358,-104.3379352,31.7ft,Onions,23861.1177,32854602.36,0.051,128000,80484.84848,2060509.211,11.23388857,23.71791175,49575983.42,2528436.625,17,1.34
7471,121,ADAMS,39.87363358,-104.3379352,51.7ft,Onions,14660.2575,20349801.9,0.051,128000,98909.09091,1901634.443,12.22315374,24.10278982,30953732.02,1578678.16,10,1.35
7492,142,ADAMS,39.87363358,-104.3379352,51.7ft,Onions,14660.2575,20496404.48,0.051,128000,98909.09091,1798231.587,12.03485221,24.10278982,30953732.02,1578678.16,10,1.36
7513,163,ADAMS,39.87363358,-104.3379352,51.7ft,Onions,14660.2575,20643007.05,0.051,128000,98909.09091,1694828.73,11.8486305,24.10278982,30953732.02,1578678.16,11,1.37
7534,184,ADAMS,39.87363358,-104.3379352,51.7ft,Onions,14660.2575,20789609.63,0.051,128000,98909.09091,1591425.874,11.66443167,24.10278982,30953732.02,1578678.16,14,1.38
7555,205,ADAMS,39.87363358,-104.3379352,51.7ft,Onions,14660.2575,20936212.2,0.051,128000,98909.09091,1488023.018,11.48221121,24.10278982,30953732.02,1578678.16,16,1.39
11818,268,ADAMS,39.87363358,-104.3379352,71.7ft,Onions,10381.9401,15143548.13,0.051,128000,104727.2727,1212692.236,11.74880893,24.22905874,22035310.16,1123827.606,13,1.42
11986,436,ADAMS,39.87363358,-104.3379352,71.7ft,Onions,10381.9401,15974103.33,0.051,128000,104727.2727,626878.6452,10.39416804,24.22905874,22035310.16,1123827.606,20,1.5
12154,604,ADAMS,39.87363358,-104.3379352,71.7ft,Onions,10381.9401,16804658.54,0.051,128000,104727.2727,41065.05484,9.144057254,24.22905874,22035310.16,1123827.606,25,1.58
11839,289,ADAMS,39.87363358,-104.3379352,71.7ft,Onions,10381.9401,15247367.53,0.051,128000,104727.2727,1139465.537,11.57324553,24.22905874,22035310.16,1123827.606,15,1.43
12007,457,ADAMS,39.87363358,-104.3379352,71.7ft,Onions,10381.9401,16077922.73,0.051,128000,104727.2727,553651.9464,10.23249428,24.22905874,22035310.16,1123827.606,21,1.51
11860,310,ADAMS,39.87363358,-104.3379352,71.7ft,Onions,10381.9401,15351186.93,0.051,128000,104727.2727,1066238.838,11.39954187,24.22905874,22035310.16,1123827.606,16,1.44
12028,478,ADAMS,39.87363358,-104.3379352,71.7ft,Onions,10381.9401,16181742.14,0.051,128000,104727.2727,480425.2476,10.07240625,24.22905874,22035310.16,1123827.606,21,1.52
11881,331,ADAMS,39.87363358,-104.3379352,71.7ft,Onions,10381.9401,15455006.33,0.051,128000,104727.2727,993012.1392,11.22764379,24.22905874,22035310.16,1123827.606,18,1.45
12049,499,ADAMS,39.87363358,-104.3379352,71.7ft,Onions,10381.9401,16285561.54,0.051,128000,104727.2727,407198.5488,9.913900734,24.22905874,22035310.16,1123827.606,22,1.53
11902,352,ADAMS,39.87363358,-104.3379352,71.7ft,Onions,10381.9401,15558825.73,0.051,128000,104727.2727,919785.4404,11.05751178,24.22905874,22035310.16,1123827.606,19,1.46
12070,520,ADAMS,39.87363358,-104.3379352,71.7ft,Onions,10381.9401,16389380.94,0.051,128000,104727.2727,333971.85,9.756929341,24.22905874,22035310.16,1123827.606,23,1.54
11923,373,ADAMS,39.87363358,-104.3379352,71.7ft,Onions,10381.9401,15662645.13,0.051,128000,104727.2727,846558.7416,10.88913975,24.22905874,22035310.16,1123827.606,19,1.47
12091,541,ADAMS,39.87363358,-104.3379352,71.7ft,Onions,10381.9401,16493200.34,0.051,128000,104727.2727,260745.1512,9.60149304,24.22905874,22035310.16,1123827.606,23,1.55
7576,226,ADAMS,39.87363358,-104.3379352,51.7ft,Onions,14660.2575,21082814.78,0.051,128000,98909.09091,1384620.161,11.30195458,24.10278982,30953732.02,1578678.16,17,1.4
11944,394,ADAMS,39.87363358,-104.3379352,71.7ft,Onions,10381.9401,15766464.53,0.051,128000,104727.2727,773332.0428,10.72246606,24.22905874,22035310.16,1123827.606,20,1.48
12112,562,ADAMS,39.87363358,-104.3379352,71.7ft,Onions,10381.9401,16597019.74,0.051,128000,104727.2727,187518.4524,9.44755588,24.22905874,22035310.16,1123827.606,24,1.56
11797,247,ADAMS,39.87363358,-104.3379352,71.7ft,Onions,10381.9401,15039728.72,0.051,128000,104727.2727,1285918.934,11.92623326,24.22905874,22035310.16,1123827.606,12,1.41
11965,415,ADAMS,39.87363358,-104.3379352,71.7ft,Onions,10381.9401,15870283.93,0.051,128000,104727.2727,700105.344,10.55750051,24.22905874,22035310.16,1123827.606,20,1.49
12133,583,ADAMS,39.87363358,-104.3379352,71.7ft,Onions,10381.9401,16700839.14,0.051,128000,104727.2727,114291.7536,9.295079784,24.22905874,22035310.16,1123827.606,24,1.57
3164,14,ADAMS,39.87363358,-104.3379352,31.7ft,Onions,23861.1177,31900157.65,0.051,112000,70424.24242,2642441.751,11.91805931,23.71791175,49575983.42,2528436.625,10,1.3
3206,56,ADAMS,39.87363358,-104.3379352,31.7ft,Onions,23861.1177,32377380,0.051,112000,70424.24242,2305843.609,11.52623192,23.71791175,49575983.42,2528436.625,15,1.32
3227,77,ADAMS,39.87363358,-104.3379352,31.7ft,Onions,23861.1177,32615991.18,0.051,112000,70424.24242,2137544.537,11.33360956,23.71791175,49575983.42,2528436.625,16,1.33
3185,35,ADAMS,39.87363358,-104.3379352,31.7ft,Onions,23861.1177,32138768.82,0.051,112000,70424.24242,2474142.68,11.72104256,23.71791175,49575983.42,2528436.625,11,1.31
3248,98,ADAMS,39.87363358,-104.3379352,31.7ft,Onions,23861.1177,32854602.36,0.051,112000,70424.24242,1969245.466,11.14310486,23.71791175,49575983.42,2528436.625,18,1.34
3269,119,ADAMS,39.87363358,-104.3379352,31.7ft,Onions,23861.1177,33093213.53,0.051,112000,70424.24242,1800946.394,10.95471249,23.71791175,49575983.42,2528436.625,19,1.35
7490,140,ADAMS,39.87363358,-104.3379352,51.7ft,Onions,14660.2575,20496404.48,0.051,112000,86545.45455,1686076.14,11.86287997,24.10278982,30953732.02,1578678.16,11,1.36
7511,161,ADAMS,39.87363358,-104.3379352,51.7ft,Onions,14660.2575,20643007.05,0.051,112000,86545.45455,1582673.284,11.67678363,24.10278982,30953732.02,1578678.16,13,1.37
7532,182,ADAMS,39.87363358,-104.3379352,51.7ft,Onions,14660.2575,20789609.63,0.051,112000,86545.45455,1479270.427,11.49269629,24.10278982,30953732.02,1578678.16,15,1.38
7553,203,ADAMS,39.87363358,-104.3379352,51.7ft,Onions,14660.2575,20936212.2,0.051,112000,86545.45455,1375867.571,11.31060329,24.10278982,30953732.02,1578678.16,17,1.39
11816,266,ADAMS,39.87363358,-104.3379352,71.7ft,Onions,10381.9401,15143548.13,0.051,112000,91636.36364,1093939.41,11.50216535,24.22905874,22035310.16,1123827.606,16,1.42
11984,434,ADAMS,39.87363358,-104.3379352,71.7ft,Onions,10381.9401,15974103.33,0.051,112000,91636.36364,508125.8194,10.14897216,24.22905874,22035310.16,1123827.606,21,1.5
11837,287,ADAMS,39.87363358,-104.3379352,71.7ft,Onions,10381.9401,15247367.53,0.051,112000,91636.36364,1020712.711,11.32682328,24.22905874,22035310.16,1123827.606,17,1.43
12005,455,ADAMS,39.87363358,-104.3379352,71.7ft,Onions,10381.9401,16077922.73,0.051,112000,91636.36364,434899.1206,9.987419341,24.22905874,22035310.16,1123827.606,22,1.51
11858,308,ADAMS,39.87363358,-104.3379352,71.7ft,Onions,10381.9401,15351186.93,0.051,112000,91636.36364,947486.0122,11.15329744,24.22905874,22035310.16,1123827.606,19,1.44
12026,476,ADAMS,39.87363358,-104.3379352,71.7ft,Onions,10381.9401,16181742.14,0.051,112000,91636.36364,361672.4218,9.827479396,24.22905874,22035310.16,1123827.606,22,1.52
11879,329,ADAMS,39.87363358,-104.3379352,71.7ft,Onions,10381.9401,15455006.33,0.051,112000,91636.36364,874259.3134,10.98159416,24.22905874,22035310.16,1123827.606,19,1.45
12047,497,ADAMS,39.87363358,-104.3379352,71.7ft,Onions,10381.9401,16285561.54,0.051,112000,91636.36364,288445.723,9.669089795,24.22905874,22035310.16,1123827.606,23,1.53
11900,350,ADAMS,39.87363358,-104.3379352,71.7ft,Onions,10381.9401,15558825.73,0.051,112000,91636.36364,801032.6146,10.81165505,24.22905874,22035310.16,1123827.606,19,1.46
12068,518,ADAMS,39.87363358,-104.3379352,71.7ft,Onions,10381.9401,16389380.94,0.051,112000,91636.36364,215219.0242,9.512266741,24.22905874,22035310.16,1123827.606,24,1.54
11921,371,ADAMS,39.87363358,-104.3379352,71.7ft,Onions,10381.9401,15662645.13,0.051,112000,91636.36364,727805.9158,10.64344395,24.22905874,22035310.16,1123827.606,20,1.47
12089,539,ADAMS,39.87363358,-104.3379352,71.7ft,Onions,10381.9401,16493200.34,0.051,112000,91636.36364,141992.3254,9.356957472,24.22905874,22035310.16,1123827.606,24,1.55
7574,224,ADAMS,39.87363358,-104.3379352,51.7ft,Onions,14660.2575,21082814.78,0.051,112000,86545.45455,1272464.715,11.13044073,24.10278982,30953732.02,1578678.16,19,1.4
11942,392,ADAMS,39.87363358,-104.3379352,71.7ft,Onions,10381.9401,15766464.53,0.051,112000,91636.36364,654579.217,10.47695416,24.22905874,22035310.16,1123827.606,20,1.48
12110,560,ADAMS,39.87363358,-104.3379352,71.7ft,Onions,10381.9401,16597019.74,0.051,112000,91636.36364,68765.6266,9.203113575,24.22905874,22035310.16,1123827.606,25,1.56
7595,245,ADAMS,39.87363358,-104.3379352,51.7ft,Onions,14660.2575,21229417.35,0.051,112000,86545.45455,1169061.858,10.95220732,24.10278982,30953732.02,1578678.16,19,1.41
11963,413,ADAMS,39.87363358,-104.3379352,71.7ft,Onions,10381.9401,15870283.93,0.051,112000,91636.36364,581352.5182,10.31213192,24.22905874,22035310.16,1123827.606,21,1.49
3168,18,ADAMS,39.87363358,-104.3379352,31.7ft,Onions,23861.1177,31900157.65,0.051,144000,90545.45455,2824969.243,12.09953345,23.71791175,49575983.42,2528436.625,10,1.3
3210,60,ADAMS,39.87363358,-104.3379352,31.7ft,Onions,23861.1177,32377380,0.051,144000,90545.45455,2488371.1,11.70751719,23.71791175,49575983.42,2528436.625,12,1.32
3231,81,ADAMS,39.87363358,-104.3379352,31.7ft,Onions,23861.1177,32615991.18,0.051,144000,90545.45455,2320072.029,11.51479107,23.71791175,49575983.42,2528436.625,15,1.33
3189,39,ADAMS,39.87363358,-104.3379352,31.7ft,Onions,23861.1177,32138768.82,0.051,144000,90545.45455,2656670.172,11.90241457,23.71791175,49575983.42,2528436.625,10,1.31
3252,102,ADAMS,39.87363358,-104.3379352,31.7ft,Onions,23861.1177,32854602.36,0.051,144000,90545.45455,2151772.957,11.32421853,23.71791175,49575983.42,2528436.625,16,1.34
7473,123,ADAMS,39.87363358,-104.3379352,51.7ft,Onions,14660.2575,20349801.9,0.051,144000,111272.7273,2013789.889,12.3938016,24.10278982,30953732.02,1578678.16,10,1.35
7494,144,ADAMS,39.87363358,-104.3379352,51.7ft,Onions,14660.2575,20496404.48,0.051,144000,111272.7273,1910387.033,12.20536566,24.10278982,30953732.02,1578678.16,10,1.36
7515,165,ADAMS,39.87363358,-104.3379352,51.7ft,Onions,14660.2575,20643007.05,0.051,144000,111272.7273,1806984.177,12.01898815,24.10278982,30953732.02,1578678.16,10,1.37
7536,186,ADAMS,39.87363358,-104.3379352,51.7ft,Onions,14660.2575,20789609.63,0.051,144000,111272.7273,1703581.321,11.83465797,24.10278982,30953732.02,1578678.16,12,1.38
7557,207,ADAMS,39.87363358,-104.3379352,51.7ft,Onions,14660.2575,20936212.2,0.051,144000,111272.7273,1600178.464,11.65230342,24.10278982,30953732.02,1578678.16,14,1.39
11820,270,ADAMS,39.87363358,-104.3379352,71.7ft,Onions,10381.9401,15143548.13,0.051,144000,117818.1818,1331445.061,11.99243499,24.22905874,22035310.16,1123827.606,11,1.42
11988,438,ADAMS,39.87363358,-104.3379352,71.7ft,Onions,10381.9401,15974103.33,0.051,144000,117818.1818,745631.4711,10.63620893,24.22905874,22035310.16,1123827.606,20,1.5
12156,606,ADAMS,39.87363358,-104.3379352,71.7ft,Onions,10381.9401,16804658.54,0.051,144000,117818.1818,159817.8807,9.384939856,24.22905874,22035310.16,1123827.606,24,1.58
11841,291,ADAMS,39.87363358,-104.3379352,71.7ft,Onions,10381.9401,15247367.53,0.051,144000,117818.1818,1258218.363,11.81665937,24.22905874,22035310.16,1123827.606,13,1.43
12009,459,ADAMS,39.87363358,-104.3379352,71.7ft,Onions,10381.9401,16077922.73,0.051,144000,117818.1818,672404.7723,10.47435837,24.22905874,22035310.16,1123827.606,20,1.51
12177,627,ADAMS,39.87363358,-104.3379352,71.7ft,Onions,10381.9401,16908477.94,0.051,144000,117818.1818,86591.18188,9.235214596,24.22905874,22035310.16,1123827.606,25,1.59
11862,312,ADAMS,39.87363358,-104.3379352,71.7ft,Onions,10381.9401,15351186.93,0.051,144000,117818.1818,1184991.664,11.6427316,24.22905874,22035310.16,1123827.606,15,1.44
12030,480,ADAMS,39.87363358,-104.3379352,71.7ft,Onions,10381.9401,16181742.14,0.051,144000,117818.1818,599178.0735,10.31410447,24.22905874,22035310.16,1123827.606,21,1.52
12198,648,ADAMS,39.87363358,-104.3379352,71.7ft,Onions,10381.9401,17012297.34,0.051,144000,117818.1818,13364.48308,9.086905853,24.22905874,22035310.16,1123827.606,25,1.6
11883,333,ADAMS,39.87363358,-104.3379352,71.7ft,Onions,10381.9401,15455006.33,0.051,144000,117818.1818,1111764.965,11.47061128,24.22905874,22035310.16,1123827.606,16,1.45
12051,501,ADAMS,39.87363358,-104.3379352,71.7ft,Onions,10381.9401,16285561.54,0.051,144000,117818.1818,525951.3747,10.15544444,24.22905874,22035310.16,1123827.606,21,1.53
11904,354,ADAMS,39.87363358,-104.3379352,71.7ft,Onions,10381.9401,15558825.73,0.051,144000,117818.1818,1038538.266,11.30028834,24.22905874,22035310.16,1123827.606,17,1.46
12072,522,ADAMS,39.87363358,-104.3379352,71.7ft,Onions,10381.9401,16389380.94,0.051,144000,117818.1818,452724.6759,9.998332704,24.22905874,22035310.16,1123827.606,22,1.54
11925,375,ADAMS,39.87363358,-104.3379352,71.7ft,Onions,10381.9401,15662645.13,0.051,144000,117818.1818,965311.5674,11.13170318,24.22905874,22035310.16,1123827.606,19,1.47
12093,543,ADAMS,39.87363358,-104.3379352,71.7ft,Onions,10381.9401,16493200.34,0.051,144000,117818.1818,379497.9771,9.842749577,24.22905874,22035310.16,1123827.606,22,1.55
7578,228,ADAMS,39.87363358,-104.3379352,51.7ft,Onions,14660.2575,21082814.78,0.051,144000,111272.7273,1496775.608,11.47192978,24.10278982,30953732.02,1578678.16,16,1.4
11946,396,ADAMS,39.87363358,-104.3379352,71.7ft,Onions,10381.9401,15766464.53,0.051,144000,117818.1818,892084.8686,10.96486127,24.22905874,22035310.16,1123827.606,19,1.48
12114,564,ADAMS,39.87363358,-104.3379352,71.7ft,Onions,10381.9401,16597019.74,0.051,144000,117818.1818,306271.2783,9.688662998,24.22905874,22035310.16,1123827.606,23,1.56
11799,249,ADAMS,39.87363358,-104.3379352,71.7ft,Onions,10381.9401,15039728.72,0.051,144000,117818.1818,1404671.76,12.17010948,24.22905874,22035310.16,1123827.606,10,1.41
11967,417,ADAMS,39.87363358,-104.3379352,71.7ft,Onions,10381.9401,15870283.93,0.051,144000,117818.1818,818858.1699,10.79970798,24.22905874,22035310.16,1123827.606,19,1.49
12135,585,ADAMS,39.87363358,-104.3379352,71.7ft,Onions,10381.9401,16700839.14,0.051,144000,117818.1818,233044.5795,9.536074962,24.22905874,22035310.16,1123827.606,23,1.57
3162,12,ADAMS,39.87363358,-104.3379352,31.7ft,Onions,23861.1177,31900157.65,0.051,96000,60363.63636,2551178.006,11.82667653,23.71791175,49575983.42,2528436.625,10,1.3
3204,54,ADAMS,39.87363358,-104.3379352,31.7ft,Onions,23861.1177,32377380,0.051,96000,60363.63636,2214579.863,11.43493991,23.71791175,49575983.42,2528436.625,16,1.32
3225,75,ADAMS,39.87363358,-104.3379352,31.7ft,Onions,23861.1177,32615991.18,0.051,96000,60363.63636,2046280.791,11.24235501,23.71791175,49575983.42,2528436.625,17,1.33
3183,33,ADAMS,39.87363358,-104.3379352,31.7ft,Onions,23861.1177,32138768.82,0.051,96000,60363.63636,2382878.934,11.62969161,23.71791175,49575983.42,2528436.625,12,1.31
3246,96,ADAMS,39.87363358,-104.3379352,31.7ft,Onions,23861.1177,32854602.36,0.051,96000,60363.63636,1877981.72,11.0518898,23.71791175,49575983.42,2528436.625,19,1.34
3267,117,ADAMS,39.87363358,-104.3379352,31.7ft,Onions,23861.1177,33093213.53,0.051,96000,60363.63636,1709682.648,10.86352674,23.71791175,49575983.42,2528436.625,19,1.35
7488,138,ADAMS,39.87363358,-104.3379352,51.7ft,Onions,14660.2575,20496404.48,0.051,96000,74181.81818,1573920.693,11.68938265,24.10278982,30953732.02,1578678.16,13,1.36
7509,159,ADAMS,39.87363358,-104.3379352,51.7ft,Onions,14660.2575,20643007.05,0.051,96000,74181.81818,1470517.837,11.50339105,24.10278982,30953732.02,1578678.16,15,1.37
7530,180,ADAMS,39.87363358,-104.3379352,51.7ft,Onions,14660.2575,20789609.63,0.051,96000,74181.81818,1367114.981,11.31942493,24.10278982,30953732.02,1578678.16,17,1.38
7551,201,ADAMS,39.87363358,-104.3379352,51.7ft,Onions,14660.2575,20936212.2,0.051,96000,74181.81818,1263712.124,11.13741888,24.10278982,30953732.02,1578678.16,19,1.39
11814,264,ADAMS,39.87363358,-104.3379352,71.7ft,Onions,10381.9401,15143548.13,0.051,96000,78545.45455,975186.5839,11.25239074,24.22905874,22035310.16,1123827.606,17,1.42
11982,432,ADAMS,39.87363358,-104.3379352,71.7ft,Onions,10381.9401,15974103.33,0.051,96000,78545.45455,389372.9936,9.900432127,24.22905874,22035310.16,1123827.606,22,1.5
11835,285,ADAMS,39.87363358,-104.3379352,71.7ft,Onions,10381.9401,15247367.53,0.051,96000,78545.45455,901959.8851,11.07721635,24.22905874,22035310.16,1123827.606,19,1.43
12003,453,ADAMS,39.87363358,-104.3379352,71.7ft,Onions,10381.9401,16077922.73,0.051,96000,78545.45455,316146.2948,9.738999917,24.22905874,22035310.16,1123827.606,23,1.51
11856,306,ADAMS,39.87363358,-104.3379352,71.7ft,Onions,10381.9401,15351186.93,0.051,96000,78545.45455,828733.1863,10.90388214,24.22905874,22035310.16,1123827.606,19,1.44
12024,474,ADAMS,39.87363358,-104.3379352,71.7ft,Onions,10381.9401,16181742.14,0.051,96000,78545.45455,242919.596,9.579173188,24.22905874,22035310.16,1123827.606,23,1.52
11877,327,ADAMS,39.87363358,-104.3379352,71.7ft,Onions,10381.9401,15455006.33,0.051,96000,78545.45455,755506.4875,10.73232277,24.22905874,22035310.16,1123827.606,20,1.45
12045,495,ADAMS,39.87363358,-104.3379352,71.7ft,Onions,10381.9401,16285561.54,0.051,96000,78545.45455,169692.8972,9.420909845,24.22905874,22035310.16,1123827.606,24,1.53
11898,348,ADAMS,39.87363358,-104.3379352,71.7ft,Onions,10381.9401,15558825.73,0.051,96000,78545.45455,682279.7887,10.5625479,24.22905874,22035310.16,1123827.606,20,1.46
12066,516,ADAMS,39.87363358,-104.3379352,71.7ft,Onions,10381.9401,16389380.94,0.051,96000,78545.45455,96466.19837,9.264167447,24.22905874,22035310.16,1123827.606,25,1.54
11919,369,ADAMS,39.87363358,-104.3379352,71.7ft,Onions,10381.9401,15662645.13,0.051,96000,78545.45455,609053.0899,10.39447976,24.22905874,22035310.16,1123827.606,20,1.47
12087,537,ADAMS,39.87363358,-104.3379352,71.7ft,Onions,10381.9401,16493200.34,0.051,96000,78545.45455,23239.49957,9.108941107,24.22905874,22035310.16,1123827.606,25,1.55
7572,222,ADAMS,39.87363358,-104.3379352,51.7ft,Onions,14660.2575,21082814.78,0.051,96000,74181.81818,1160309.268,10.95737164,24.10278982,30953732.02,1578678.16,19,1.4
11940,390,ADAMS,39.87363358,-104.3379352,71.7ft,Onions,10381.9401,15766464.53,0.051,96000,78545.45455,535826.3912,10.22814187,24.22905874,22035310.16,1123827.606,21,1.48
7593,243,ADAMS,39.87363358,-104.3379352,51.7ft,Onions,14660.2575,21229417.35,0.051,96000,74181.81818,1056906.412,10.77922399,24.10278982,30953732.02,1578678.16,19,1.41
11961,411,ADAMS,39.87363358,-104.3379352,71.7ft,Onions,10381.9401,15870283.93,0.051,96000,78545.45455,462599.6924,10.06346092,24.22905874,22035310.16,1123827.606,21,1.49
3170,20,ADAMS,39.87363358,-104.3379352,31.7ft,Onions,23861.1177,31900157.65,0.051,160000,100606.0606,2916232.989,12.18965641,23.71791175,49575983.42,2528436.625,10,1.3
3212,62,ADAMS,39.87363358,-104.3379352,31.7ft,Onions,23861.1177,32377380,0.051,160000,100606.0606,2579634.846,11.797513,23.71791175,49575983.42,2528436.625,11,1.32
3233,83,ADAMS,39.87363358,-104.3379352,31.7ft,Onions,23861.1177,32615991.18,0.051,160000,100606.0606,2411335.774,11.60473264,23.71791175,49575983.42,2528436.625,14,1.33
3191,41,ADAMS,39.87363358,-104.3379352,31.7ft,Onions,23861.1177,32138768.82,0.051,160000,100606.0606,2747933.917,11.99246379,23.71791175,49575983.42,2528436.625,10,1.31
3254,104,ADAMS,39.87363358,-104.3379352,31.7ft,Onions,23861.1177,32854602.36,0.051,160000,100606.0606,2243036.703,11.41411479,23.71791175,49575983.42,2528436.625,16,1.34
7475,125,ADAMS,39.87363358,-104.3379352,51.7ft,Onions,14660.2575,20349801.9,0.051,160000,123636.3636,2125945.336,12.56303067,24.10278982,30953732.02,1578678.16,10,1.35
7496,146,ADAMS,39.87363358,-104.3379352,51.7ft,Onions,14660.2575,20496404.48,0.051,160000,123636.3636,2022542.48,12.374438,24.10278982,30953732.02,1578678.16,10,1.36
7517,167,ADAMS,39.87363358,-104.3379352,51.7ft,Onions,14660.2575,20643007.05,0.051,160000,123636.3636,1919139.624,12.18792044,24.10278982,30953732.02,1578678.16,10,1.37
7538,188,ADAMS,39.87363358,-104.3379352,51.7ft,Onions,14660.2575,20789609.63,0.051,160000,123636.3636,1815736.767,12.00342972,24.10278982,30953732.02,1578678.16,10,1.38
7559,209,ADAMS,39.87363358,-104.3379352,51.7ft,Onions,14660.2575,20936212.2,0.051,160000,123636.3636,1712333.911,11.82095452,24.10278982,30953732.02,1578678.16,12,1.39
11822,272,ADAMS,39.87363358,-104.3379352,71.7ft,Onions,10381.9401,15143548.13,0.051,160000,130909.0909,1450197.887,12.23320369,24.22905874,22035310.16,1123827.606,10,1.42
11990,440,ADAMS,39.87363358,-104.3379352,71.7ft,Onions,10381.9401,15974103.33,0.051,160000,130909.0909,864384.2969,10.87520398,24.22905874,22035310.16,1123827.606,19,1.5
12158,608,ADAMS,39.87363358,-104.3379352,71.7ft,Onions,10381.9401,16804658.54,0.051,160000,130909.0909,278570.7065,9.622594122,24.22905874,22035310.16,1123827.606,23,1.58
11843,293,ADAMS,39.87363358,-104.3379352,71.7ft,Onions,10381.9401,15247367.53,0.051,160000,130909.0909,1376971.188,12.05716174,24.22905874,22035310.16,1123827.606,11,1.43
12011,461,ADAMS,39.87363358,-104.3379352,71.7ft,Onions,10381.9401,16077922.73,0.051,160000,130909.0909,791157.5981,10.71314846,24.22905874,22035310.16,1123827.606,20,1.51
12179,629,ADAMS,39.87363358,-104.3379352,71.7ft,Onions,10381.9401,16908477.94,0.051,160000,130909.0909,205344.0077,9.47274726,24.22905874,22035310.16,1123827.606,24,1.59
11864,314,ADAMS,39.87363358,-104.3379352,71.7ft,Onions,10381.9401,15351186.93,0.051,160000,130909.0909,1303744.49,11.88299696,24.22905874,22035310.16,1123827.606,13,1.44
12032,482,ADAMS,39.87363358,-104.3379352,71.7ft,Onions,10381.9401,16181742.14,0.051,160000,130909.0909,717930.8993,10.5527291,24.22905874,22035310.16,1123827.606,20,1.52
12200,650,ADAMS,39.87363358,-104.3379352,71.7ft,Onions,10381.9401,17012297.34,0.051,160000,130909.0909,132117.3089,9.324304445,24.22905874,22035310.16,1123827.606,24,1.6
11885,335,ADAMS,39.87363358,-104.3379352,71.7ft,Onions,10381.9401,15455006.33,0.051,160000,130909.0909,1230517.791,11.71065485,24.22905874,22035310.16,1123827.606,14,1.45
12053,503,ADAMS,39.87363358,-104.3379352,71.7ft,Onions,10381.9401,16285561.54,0.051,160000,130909.0909,644704.2005,10.39387336,24.22905874,22035310.16,1123827.606,21,1.53
12221,671,ADAMS,39.87363358,-104.3379352,71.7ft,Onions,10381.9401,17116116.74,0.051,160000,130909.0909,58890.61011,9.177256264,24.22905874,22035310.16,1123827.606,25,1.61
11906,356,ADAMS,39.87363358,-104.3379352,71.7ft,Onions,10381.9401,15558825.73,0.051,160000,130909.0909,1157291.092,11.54009275,24.22905874,22035310.16,1123827.606,16,1.46
12074,524,ADAMS,39.87363358,-104.3379352,71.7ft,Onions,10381.9401,16389380.94,0.051,160000,130909.0909,571477.5017,10.23660882,24.22905874,22035310.16,1123827.606,21,1.54
11927,377,ADAMS,39.87363358,-104.3379352,71.7ft,Onions,10381.9401,15662645.13,0.051,160000,130909.0909,1084064.393,11.37130852,24.22905874,22035310.16,1123827.606,17,1.47
12095,545,ADAMS,39.87363358,-104.3379352,71.7ft,Onions,10381.9401,16493200.34,0.051,160000,130909.0909,498250.8029,10.08086261,24.22905874,22035310.16,1123827.606,21,1.55
7580,230,ADAMS,39.87363358,-104.3379352,51.7ft,Onions,14660.2575,21082814.78,0.051,160000,123636.3636,1608931.055,11.6404251,24.10278982,30953732.02,1578678.16,14,1.4
11948,398,ADAMS,39.87363358,-104.3379352,71.7ft,Onions,10381.9401,15766464.53,0.051,160000,130909.0909,1010837.694,11.20425192,24.22905874,22035310.16,1123827.606,18,1.48
12116,566,ADAMS,39.87363358,-104.3379352,71.7ft,Onions,10381.9401,16597019.74,0.051,160000,130909.0909,425024.1041,9.926634174,24.22905874,22035310.16,1123827.606,22,1.56
11801,251,ADAMS,39.87363358,-104.3379352,71.7ft,Onions,10381.9401,15039728.72,0.051,160000,130909.0909,1523424.586,12.41112357,24.22905874,22035310.16,1123827.606,10,1.41
11969,419,ADAMS,39.87363358,-104.3379352,71.7ft,Onions,10381.9401,15870283.93,0.051,160000,130909.0909,937610.9957,11.03888572,24.22905874,22035310.16,1123827.606,19,1.49
12137,587,ADAMS,39.87363358,-104.3379352,71.7ft,Onions,10381.9401,16700839.14,0.051,160000,130909.0909,351797.4053,9.773879379,24.22905874,22035310.16,1123827.606,23,1.57
3151,1,ADAMS,39.87363358,-104.3379352,31.7ft,Onions,23861.1177,31900157.65,0.051,8000,5030.30303,2049227.404,11.31598758,23.71791175,49575983.42,2528436.625,16,1.3
3193,43,ADAMS,39.87363358,-104.3379352,31.7ft,Onions,23861.1177,32377380,0.051,8000,5030.30303,1712629.261,10.924591,23.71791175,49575983.42,2528436.625,19,1.32
3214,64,ADAMS,39.87363358,-104.3379352,31.7ft,Onions,23861.1177,32615991.18,0.051,8000,5030.30303,1544330.19,10.73213111,23.71791175,49575983.42,2528436.625,19,1.33
3172,22,ADAMS,39.87363358,-104.3379352,31.7ft,Onions,23861.1177,32138768.82,0.051,8000,5030.30303,1880928.332,11.11918453,23.71791175,49575983.42,2528436.625,18,1.31
3235,85,ADAMS,39.87363358,-104.3379352,31.7ft,Onions,23861.1177,32854602.36,0.051,8000,5030.30303,1376031.118,10.54180315,23.71791175,49575983.42,2528436.625,20,1.34
4306,106,ADAMS,39.87363358,-104.3379352,36.7ft,Onions,20408.7303,28314127.03,0.051,8000,4303.030303,1209550.581,10.5703256,23.88826059,42707546.33,2178137.51,20,1.35
4327,127,ADAMS,39.87363358,-104.3379352,36.7ft,Onions,20408.7303,28518214.33,0.051,8000,4303.030303,1065602.154,10.38343068,23.88826059,42707546.33,2178137.51,20,1.36
4348,148,ADAMS,39.87363358,-104.3379352,36.7ft,Onions,20408.7303,28722301.63,0.051,8000,4303.030303,921653.7267,10.19856393,23.88826059,42707546.33,2178137.51,21,1.37
4369,169,ADAMS,39.87363358,-104.3379352,36.7ft,Onions,20408.7303,28926388.93,0.051,8000,4303.030303,777705.2997,10.01563839,23.88826059,42707546.33,2178137.51,22,1.38
7540,190,ADAMS,39.87363358,-104.3379352,51.7ft,Onions,14660.2575,20936212.2,0.051,8000,6181.818182,646857.168,10.15459974,24.10278982,30953732.02,1578678.16,21,1.39
7603,253,ADAMS,39.87363358,-104.3379352,51.7ft,Onions,14660.2575,21376019.93,0.051,8000,6181.818182,336648.5991,9.620830414,24.10278982,30953732.02,1578678.16,23,1.42
11824,274,ADAMS,39.87363358,-104.3379352,71.7ft,Onions,10381.9401,15247367.53,0.051,8000,6545.454545,248819.3431,9.640376446,24.22905874,22035310.16,1123827.606,23,1.43
11845,295,ADAMS,39.87363358,-104.3379352,71.7ft,Onions,10381.9401,15351186.93,0.051,8000,6545.454545,175592.6443,9.46750352,24.22905874,22035310.16,1123827.606,24,1.44
11866,316,ADAMS,39.87363358,-104.3379352,71.7ft,Onions,10381.9401,15455006.33,0.051,8000,6545.454545,102365.9455,9.296358559,24.22905874,22035310.16,1123827.606,24,1.45
11887,337,ADAMS,39.87363358,-104.3379352,71.7ft,Onions,10381.9401,15558825.73,0.051,8000,6545.454545,29139.24667,9.126937294,24.22905874,22035310.16,1123827.606,25,1.46
7561,211,ADAMS,39.87363358,-104.3379352,51.7ft,Onions,14660.2575,21082814.78,0.051,8000,6181.818182,543454.3117,9.974819764,24.10278982,30953732.02,1578678.16,22,1.4
7582,232,ADAMS,39.87363358,-104.3379352,51.7ft,Onions,14660.2575,21229417.35,0.051,8000,6181.818182,440051.4554,9.796911769,24.10278982,30953732.02,1578678.16,22,1.41
3153,3,ADAMS,39.87363358,-104.3379352,31.7ft,Onions,23861.1177,31900157.65,0.051,24000,15090.90909,2140491.15,11.40988783,23.71791175,49575983.42,2528436.625,15,1.3
3195,45,ADAMS,39.87363358,-104.3379352,31.7ft,Onions,23861.1177,32377380,0.051,24000,15090.90909,1803893.007,11.01844916,23.71791175,49575983.42,2528436.625,19,1.32
3216,66,ADAMS,39.87363358,-104.3379352,31.7ft,Onions,23861.1177,32615991.18,0.051,24000,15090.90909,1635593.935,10.82598904,23.71791175,49575983.42,2528436.625,19,1.33
3174,24,ADAMS,39.87363358,-104.3379352,31.7ft,Onions,23861.1177,32138768.82,0.051,24000,15090.90909,1972192.078,11.21305755,23.71791175,49575983.42,2528436.625,17,1.31
3237,87,ADAMS,39.87363358,-104.3379352,31.7ft,Onions,23861.1177,32854602.36,0.051,24000,15090.90909,1467294.864,10.63563342,23.71791175,49575983.42,2528436.625,20,1.34
3258,108,ADAMS,39.87363358,-104.3379352,31.7ft,Onions,23861.1177,33093213.53,0.051,24000,15090.90909,1298995.792,10.44736379,23.71791175,49575983.42,2528436.625,20,1.35
4329,129,ADAMS,39.87363358,-104.3379352,36.7ft,Onions,20408.7303,28518214.33,0.051,24000,12909.09091,1143671.141,10.47643781,23.88826059,42707546.33,2178137.51,20,1.36
4350,150,ADAMS,39.87363358,-104.3379352,36.7ft,Onions,20408.7303,28722301.63,0.051,24000,12909.09091,999722.714,10.29154781,23.88826059,42707546.33,2178137.51,21,1.37
7521,171,ADAMS,39.87363358,-104.3379352,51.7ft,Onions,14660.2575,20789609.63,0.051,24000,18545.45455,862415.471,10.51907443,24.10278982,30953732.02,1578678.16,20,1.38
7542,192,ADAMS,39.87363358,-104.3379352,51.7ft,Onions,14660.2575,20936212.2,0.051,24000,18545.45455,759012.6147,10.33735889,24.10278982,30953732.02,1578678.16,21,1.39
7605,255,ADAMS,39.87363358,-104.3379352,51.7ft,Onions,14660.2575,21376019.93,0.051,24000,18545.45455,448804.0458,9.803584227,24.10278982,30953732.02,1578678.16,22,1.42
11826,276,ADAMS,39.87363358,-104.3379352,71.7ft,Onions,10381.9401,15247367.53,0.051,24000,19636.36364,367572.1689,9.91046564,24.22905874,22035310.16,1123827.606,22,1.43
11847,297,ADAMS,39.87363358,-104.3379352,71.7ft,Onions,10381.9401,15351186.93,0.051,24000,19636.36364,294345.4701,9.737554898,24.22905874,22035310.16,1123827.606,23,1.44
11868,318,ADAMS,39.87363358,-104.3379352,71.7ft,Onions,10381.9401,15455006.33,0.051,24000,19636.36364,221118.7713,9.566417598,24.22905874,22035310.16,1123827.606,23,1.45
11889,339,ADAMS,39.87363358,-104.3379352,71.7ft,Onions,10381.9401,15558825.73,0.051,24000,19636.36364,147892.0725,9.397011046,24.22905874,22035310.16,1123827.606,24,1.46
11910,360,ADAMS,39.87363358,-104.3379352,71.7ft,Onions,10381.9401,15662645.13,0.051,24000,19636.36364,74665.3737,9.22928557,24.22905874,22035310.16,1123827.606,25,1.47
7563,213,ADAMS,39.87363358,-104.3379352,51.7ft,Onions,14660.2575,21082814.78,0.051,24000,18545.45455,655609.7584,10.15757168,24.10278982,30953732.02,1578678.16,21,1.4
11931,381,ADAMS,39.87363358,-104.3379352,71.7ft,Onions,10381.9401,15766464.53,0.051,24000,19636.36364,1438.674906,9.063235412,24.22905874,22035310.16,1123827.606,25,1.48
7584,234,ADAMS,39.87363358,-104.3379352,51.7ft,Onions,14660.2575,21229417.35,0.051,24000,18545.45455,552206.9021,9.979655757,24.10278982,30953732.02,1578678.16,22,1.41
3155,5,ADAMS,39.87363358,-104.3379352,31.7ft,Onions,23861.1177,31900157.65,0.051,40000,25151.51515,2231754.895,11.50331081,23.71791175,49575983.42,2528436.625,14,1.3
3197,47,ADAMS,39.87363358,-104.3379352,31.7ft,Onions,23861.1177,32377380,0.051,40000,25151.51515,1895156.753,11.11182014,23.71791175,49575983.42,2528436.625,18,1.32
3218,68,ADAMS,39.87363358,-104.3379352,31.7ft,Onions,23861.1177,32615991.18,0.051,40000,25151.51515,1726857.681,10.91934295,23.71791175,49575983.42,2528436.625,19,1.33
3176,26,ADAMS,39.87363358,-104.3379352,31.7ft,Onions,23861.1177,32138768.82,0.051,40000,25151.51515,2063455.824,11.30647196,23.71791175,49575983.42,2528436.625,16,1.31
3239,89,ADAMS,39.87363358,-104.3379352,31.7ft,Onions,23861.1177,32854602.36,0.051,40000,25151.51515,1558558.61,10.72896602,23.71791175,49575983.42,2528436.625,19,1.34
3260,110,ADAMS,39.87363358,-104.3379352,31.7ft,Onions,23861.1177,33093213.53,0.051,40000,25151.51515,1390259.538,10.54068804,23.71791175,49575983.42,2528436.625,20,1.35
3281,131,ADAMS,39.87363358,-104.3379352,31.7ft,Onions,23861.1177,33331824.71,0.051,40000,25151.51515,1221960.467,10.35443165,23.71791175,49575983.42,2528436.625,20,1.36
7502,152,ADAMS,39.87363358,-104.3379352,51.7ft,Onions,14660.2575,20643007.05,0.051,40000,30909.09091,1077973.774,10.88369671,24.10278982,30953732.02,1578678.16,19,1.37
7523,173,ADAMS,39.87363358,-104.3379352,51.7ft,Onions,14660.2575,20789609.63,0.051,40000,30909.09091,974570.9176,10.69998722,24.10278982,30953732.02,1578678.16,20,1.38
7544,194,ADAMS,39.87363358,-104.3379352,51.7ft,Onions,14660.2575,20936212.2,0.051,40000,30909.09091,871168.0613,10.51824962,24.10278982,30953732.02,1578678.16,20,1.39
7607,257,ADAMS,39.87363358,-104.3379352,51.7ft,Onions,14660.2575,21376019.93,0.051,40000,30909.09091,560959.4924,9.98437734,24.10278982,30953732.02,1578678.16,22,1.42
11828,278,ADAMS,39.87363358,-104.3379352,71.7ft,Onions,10381.9401,15247367.53,0.051,40000,32727.27273,486324.9947,10.17637188,24.22905874,22035310.16,1123827.606,21,1.43
11849,299,ADAMS,39.87363358,-104.3379352,71.7ft,Onions,10381.9401,15351186.93,0.051,40000,32727.27273,413098.2959,10.00342509,24.22905874,22035310.16,1123827.606,22,1.44
11870,320,ADAMS,39.87363358,-104.3379352,71.7ft,Onions,10381.9401,15455006.33,0.051,40000,32727.27273,339871.5971,9.832244826,24.22905874,22035310.16,1123827.606,22,1.45
11891,341,ADAMS,39.87363358,-104.3379352,71.7ft,Onions,10381.9401,15558825.73,0.051,40000,32727.27273,266644.8983,9.662790333,24.22905874,22035310.16,1123827.606,23,1.46
11912,362,ADAMS,39.87363358,-104.3379352,71.7ft,Onions,10381.9401,15662645.13,0.051,40000,32727.27273,193418.1995,9.495066886,24.22905874,22035310.16,1123827.606,24,1.47
7565,215,ADAMS,39.87363358,-104.3379352,51.7ft,Onions,14660.2575,21082814.78,0.051,40000,30909.09091,767765.205,10.33841578,24.10278982,30953732.02,1578678.16,21,1.4
11933,383,ADAMS,39.87363358,-104.3379352,71.7ft,Onions,10381.9401,15766464.53,0.051,40000,32727.27273,120191.5007,9.329018317,24.22905874,22035310.16,1123827.606,24,1.48
7586,236,ADAMS,39.87363358,-104.3379352,51.7ft,Onions,14660.2575,21229417.35,0.051,40000,30909.09091,664362.3487,10.160482,24.10278982,30953732.02,1578678.16,21,1.41
11954,404,ADAMS,39.87363358,-104.3379352,71.7ft,Onions,10381.9401,15870283.93,0.051,40000,32727.27273,46964.80194,9.164586726,24.22905874,22035310.16,1123827.606,25,1.49
3157,7,ADAMS,39.87363358,-104.3379352,31.7ft,Onions,23861.1177,31900157.65,0.051,56000,35212.12121,2323018.641,11.59626476,23.71791175,49575983.42,2528436.625,12,1.3
3199,49,ADAMS,39.87363358,-104.3379352,31.7ft,Onions,23861.1177,32377380,0.051,56000,35212.12121,1986420.498,11.20471214,23.71791175,49575983.42,2528436.625,17,1.32
3220,70,ADAMS,39.87363358,-104.3379352,31.7ft,Onions,23861.1177,32615991.18,0.051,56000,35212.12121,1818121.427,11.01221442,23.71791175,49575983.42,2528436.625,19,1.33
3178,28,ADAMS,39.87363358,-104.3379352,31.7ft,Onions,23861.1177,32138768.82,0.051,56000,35212.12121,2154719.57,11.39939653,23.71791175,49575983.42,2528436.625,16,1.31
3241,91,ADAMS,39.87363358,-104.3379352,31.7ft,Onions,23861.1177,32854602.36,0.051,56000,35212.12121,1649822.355,10.82183141,23.71791175,49575983.42,2528436.625,19,1.34
3262,112,ADAMS,39.87363358,-104.3379352,31.7ft,Onions,23861.1177,33093213.53,0.051,56000,35212.12121,1481523.284,10.63352015,23.71791175,49575983.42,2528436.625,20,1.35
3283,133,ADAMS,39.87363358,-104.3379352,31.7ft,Onions,23861.1177,33331824.71,0.051,56000,35212.12121,1313224.212,10.44726279,23.71791175,49575983.42,2528436.625,20,1.36
7504,154,ADAMS,39.87363358,-104.3379352,51.7ft,Onions,14660.2575,20643007.05,0.051,56000,43272.72727,1190129.22,11.06286909,24.10278982,30953732.02,1578678.16,19,1.37
7525,175,ADAMS,39.87363358,-104.3379352,51.7ft,Onions,14660.2575,20789609.63,0.051,56000,43272.72727,1086726.364,10.87911532,24.10278982,30953732.02,1578678.16,19,1.38
7546,196,ADAMS,39.87363358,-104.3379352,51.7ft,Onions,14660.2575,20936212.2,0.051,56000,43272.72727,983323.5079,10.69730738,24.10278982,30953732.02,1578678.16,20,1.39
11809,259,ADAMS,39.87363358,-104.3379352,71.7ft,Onions,10381.9401,15143548.13,0.051,56000,45818.18182,678304.5194,10.6131593,24.22905874,22035310.16,1123827.606,20,1.42
11977,427,ADAMS,39.87363358,-104.3379352,71.7ft,Onions,10381.9401,15974103.33,0.051,56000,45818.18182,92490.92898,9.263374538,24.22905874,22035310.16,1123827.606,25,1.5
11830,280,ADAMS,39.87363358,-104.3379352,71.7ft,Onions,10381.9401,15247367.53,0.051,56000,45818.18182,605077.8206,10.43833556,24.22905874,22035310.16,1123827.606,20,1.43
11998,448,ADAMS,39.87363358,-104.3379352,71.7ft,Onions,10381.9401,16077922.73,0.051,56000,45818.18182,19264.23018,9.102143724,24.22905874,22035310.16,1123827.606,25,1.51
11851,301,ADAMS,39.87363358,-104.3379352,71.7ft,Onions,10381.9401,15351186.93,0.051,56000,45818.18182,531851.1218,10.2653098,24.22905874,22035310.16,1123827.606,21,1.44
11872,322,ADAMS,39.87363358,-104.3379352,71.7ft,Onions,10381.9401,15455006.33,0.051,56000,45818.18182,458624.423,10.09405847,24.22905874,22035310.16,1123827.606,21,1.45
11893,343,ADAMS,39.87363358,-104.3379352,71.7ft,Onions,10381.9401,15558825.73,0.051,56000,45818.18182,385397.7242,9.924560706,24.22905874,22035310.16,1123827.606,22,1.46
11914,364,ADAMS,39.87363358,-104.3379352,71.7ft,Onions,10381.9401,15662645.13,0.051,56000,45818.18182,312171.0254,9.756761882,24.22905874,22035310.16,1123827.606,23,1.47
7567,217,ADAMS,39.87363358,-104.3379352,51.7ft,Onions,14660.2575,21082814.78,0.051,56000,43272.72727,879920.6516,10.51744172,24.10278982,30953732.02,1578678.16,20,1.4
11935,385,ADAMS,39.87363358,-104.3379352,71.7ft,Onions,10381.9401,15766464.53,0.051,56000,45818.18182,238944.3266,9.590657069,24.22905874,22035310.16,1123827.606,23,1.48
7588,238,ADAMS,39.87363358,-104.3379352,51.7ft,Onions,14660.2575,21229417.35,0.051,56000,43272.72727,776517.7953,10.33945099,24.10278982,30953732.02,1578678.16,21,1.41
11956,406,ADAMS,39.87363358,-104.3379352,71.7ft,Onions,10381.9401,15870283.93,0.051,56000,45818.18182,165717.6278,9.426209378,24.22905874,22035310.16,1123827.606,24,1.49
3159,9,ADAMS,39.87363358,-104.3379352,31.7ft,Onions,23861.1177,31900157.65,0.051,72000,45272.72727,2414282.387,11.68875766,23.71791175,49575983.42,2528436.625,11,1.3
3201,51,ADAMS,39.87363358,-104.3379352,31.7ft,Onions,23861.1177,32377380,0.051,72000,45272.72727,2077684.244,11.29715764,23.71791175,49575983.42,2528436.625,16,1.32
3222,72,ADAMS,39.87363358,-104.3379352,31.7ft,Onions,23861.1177,32615991.18,0.051,72000,45272.72727,1909385.173,11.10461162,23.71791175,49575983.42,2528436.625,19,1.33
3180,30,ADAMS,39.87363358,-104.3379352,31.7ft,Onions,23861.1177,32138768.82,0.051,72000,45272.72727,2245983.316,11.49185628,23.71791175,49575983.42,2528436.625,15,1.31
3243,93,ADAMS,39.87363358,-104.3379352,31.7ft,Onions,23861.1177,32854602.36,0.051,72000,45272.72727,1741086.101,10.91420604,23.71791175,49575983.42,2528436.625,19,1.34
3264,114,ADAMS,39.87363358,-104.3379352,31.7ft,Onions,23861.1177,33093213.53,0.051,72000,45272.72727,1572787.03,10.72586798,23.71791175,49575983.42,2528436.625,19,1.35
7485,135,ADAMS,39.87363358,-104.3379352,51.7ft,Onions,14660.2575,20496404.48,0.051,72000,55636.36364,1405687.523,11.42616194,24.10278982,30953732.02,1578678.16,16,1.36
7506,156,ADAMS,39.87363358,-104.3379352,51.7ft,Onions,14660.2575,20643007.05,0.051,72000,55636.36364,1302284.667,11.24032877,24.10278982,30953732.02,1578678.16,17,1.37
7527,177,ADAMS,39.87363358,-104.3379352,51.7ft,Onions,14660.2575,20789609.63,0.051,72000,55636.36364,1198881.811,11.05648818,24.10278982,30953732.02,1578678.16,19,1.38
7548,198,ADAMS,39.87363358,-104.3379352,51.7ft,Onions,14660.2575,20936212.2,0.051,72000,55636.36364,1095478.955,10.87462685,24.10278982,30953732.02,1578678.16,19,1.39
11811,261,ADAMS,39.87363358,-104.3379352,71.7ft,Onions,10381.9401,15143548.13,0.051,72000,58909.09091,797057.3452,10.87148911,24.22905874,22035310.16,1123827.606,19,1.42
11979,429,ADAMS,39.87363358,-104.3379352,71.7ft,Onions,10381.9401,15974103.33,0.051,72000,58909.09091,211243.7548,9.520997826,24.22905874,22035310.16,1123827.606,23,1.5
11832,282,ADAMS,39.87363358,-104.3379352,71.7ft,Onions,10381.9401,15247367.53,0.051,72000,58909.09091,723830.6464,10.69653724,24.22905874,22035310.16,1123827.606,20,1.43
12000,450,ADAMS,39.87363358,-104.3379352,71.7ft,Onions,10381.9401,16077922.73,0.051,72000,58909.09091,138017.056,9.359723852,24.22905874,22035310.16,1123827.606,24,1.51
11853,303,ADAMS,39.87363358,-104.3379352,71.7ft,Onions,10381.9401,15351186.93,0.051,72000,58909.09091,650603.9476,10.52341647,24.22905874,22035310.16,1123827.606,20,1.44
12021,471,ADAMS,39.87363358,-104.3379352,71.7ft,Onions,10381.9401,16181742.14,0.051,72000,58909.09091,64790.35721,9.200003814,24.22905874,22035310.16,1123827.606,25,1.52
11874,324,ADAMS,39.87363358,-104.3379352,71.7ft,Onions,10381.9401,15455006.33,0.051,72000,58909.09091,577377.2488,10.35206019,24.22905874,22035310.16,1123827.606,21,1.45
11895,345,ADAMS,39.87363358,-104.3379352,71.7ft,Onions,10381.9401,15558825.73,0.051,72000,58909.09091,504150.55,10.18247285,24.22905874,22035310.16,1123827.606,21,1.46
11916,366,ADAMS,39.87363358,-104.3379352,71.7ft,Onions,10381.9401,15662645.13,0.051,72000,58909.09091,430923.8512,10.01458394,24.22905874,22035310.16,1123827.606,22,1.47
7569,219,ADAMS,39.87363358,-104.3379352,51.7ft,Onions,14660.2575,21082814.78,0.051,72000,55636.36364,992076.0982,10.6946819,24.10278982,30953732.02,1578678.16,20,1.4
11937,387,ADAMS,39.87363358,-104.3379352,71.7ft,Onions,10381.9401,15766464.53,0.051,72000,58909.09091,357697.1524,9.848409413,24.22905874,22035310.16,1123827.606,22,1.48
7590,240,ADAMS,39.87363358,-104.3379352,51.7ft,Onions,14660.2575,21229417.35,0.051,72000,55636.36364,888673.2419,10.51665022,24.10278982,30953732.02,1578678.16,20,1.41
11958,408,ADAMS,39.87363358,-104.3379352,71.7ft,Onions,10381.9401,15870283.93,0.051,72000,58909.09091,284470.4536,9.683876843,24.22905874,22035310.16,1123827.606,23,1.49
3165,15,ADAMS,39.87363358,-104.3379352,31.7ft,Onions,23861.1177,31900157.65,0.051,120000,75454.54545,2688073.624,11.96358792,23.71791175,49575983.42,2528436.625,10,1.3
3207,57,ADAMS,39.87363358,-104.3379352,31.7ft,Onions,23861.1177,32377380,0.051,120000,75454.54545,2351475.481,11.57171189,23.71791175,49575983.42,2528436.625,14,1.32
3228,78,ADAMS,39.87363358,-104.3379352,31.7ft,Onions,23861.1177,32615991.18,0.051,120000,75454.54545,2183176.41,11.37906949,23.71791175,49575983.42,2528436.625,16,1.33
3186,36,ADAMS,39.87363358,-104.3379352,31.7ft,Onions,23861.1177,32138768.82,0.051,120000,75454.54545,2519774.553,11.76654699,23.71791175,49575983.42,2528436.625,11,1.31
3249,99,ADAMS,39.87363358,-104.3379352,31.7ft,Onions,23861.1177,32854602.36,0.051,120000,75454.54545,2014877.339,11.18854296,23.71791175,49575983.42,2528436.625,18,1.34
3270,120,ADAMS,39.87363358,-104.3379352,31.7ft,Onions,23861.1177,33093213.53,0.051,120000,75454.54545,1846578.267,11.0001348,23.71791175,49575983.42,2528436.625,19,1.35
7491,141,ADAMS,39.87363358,-104.3379352,51.7ft,Onions,14660.2575,20496404.48,0.051,120000,92727.27273,1742153.863,11.94905374,24.10278982,30953732.02,1578678.16,10,1.36
7512,162,ADAMS,39.87363358,-104.3379352,51.7ft,Onions,14660.2575,20643007.05,0.051,120000,92727.27273,1638751.007,11.76289614,24.10278982,30953732.02,1578678.16,12,1.37
7533,183,ADAMS,39.87363358,-104.3379352,51.7ft,Onions,14660.2575,20789609.63,0.051,120000,92727.27273,1535348.151,11.57874669,24.10278982,30953732.02,1578678.16,15,1.38
7554,204,ADAMS,39.87363358,-104.3379352,51.7ft,Onions,14660.2575,20936212.2,0.051,120000,92727.27273,1431945.294,11.39659964,24.10278982,30953732.02,1578678.16,16,1.39
11817,267,ADAMS,39.87363358,-104.3379352,71.7ft,Onions,10381.9401,15143548.13,0.051,120000,98181.81818,1153315.823,11.62586103,24.22905874,22035310.16,1123827.606,15,1.42
11985,435,ADAMS,39.87363358,-104.3379352,71.7ft,Onions,10381.9401,15974103.33,0.051,120000,98181.81818,567502.2323,10.27198213,24.22905874,22035310.16,1123827.606,21,1.5
11838,288,ADAMS,39.87363358,-104.3379352,71.7ft,Onions,10381.9401,15247367.53,0.051,120000,98181.81818,1080089.124,11.45042247,24.22905874,22035310.16,1123827.606,16,1.43
12006,456,ADAMS,39.87363358,-104.3379352,71.7ft,Onions,10381.9401,16077922.73,0.051,120000,98181.81818,494275.5335,10.11036323,24.22905874,22035310.16,1123827.606,21,1.51
11859,309,ADAMS,39.87363358,-104.3379352,71.7ft,Onions,10381.9401,15351186.93,0.051,120000,98181.81818,1006862.425,11.27681742,24.22905874,22035310.16,1123827.606,17,1.44
12027,477,ADAMS,39.87363358,-104.3379352,71.7ft,Onions,10381.9401,16181742.14,0.051,120000,98181.81818,421048.8347,9.950357956,24.22905874,22035310.16,1123827.606,22,1.52
11880,330,ADAMS,39.87363358,-104.3379352,71.7ft,Onions,10381.9401,15455006.33,0.051,120000,98181.81818,933635.7263,11.10500353,24.22905874,22035310.16,1123827.606,19,1.45
12048,498,ADAMS,39.87363358,-104.3379352,71.7ft,Onions,10381.9401,16285561.54,0.051,120000,98181.81818,347822.1359,9.791912051,24.22905874,22035310.16,1123827.606,22,1.53
11901,351,ADAMS,39.87363358,-104.3379352,71.7ft,Onions,10381.9401,15558825.73,0.051,120000,98181.81818,860409.0275,10.93498025,24.22905874,22035310.16,1123827.606,19,1.46
12069,519,ADAMS,39.87363358,-104.3379352,71.7ft,Onions,10381.9401,16389380.94,0.051,120000,98181.81818,274595.4371,9.635000075,24.22905874,22035310.16,1123827.606,23,1.54
11922,372,ADAMS,39.87363358,-104.3379352,71.7ft,Onions,10381.9401,15662645.13,0.051,120000,98181.81818,787182.3287,10.76669492,24.22905874,22035310.16,1123827.606,19,1.47
12090,540,ADAMS,39.87363358,-104.3379352,71.7ft,Onions,10381.9401,16493200.34,0.051,120000,98181.81818,201368.7383,9.479643303,24.22905874,22035310.16,1123827.606,24,1.55
7575,225,ADAMS,39.87363358,-104.3379352,51.7ft,Onions,14660.2575,21082814.78,0.051,120000,92727.27273,1328542.438,11.21639767,24.10278982,30953732.02,1578678.16,18,1.4
11943,393,ADAMS,39.87363358,-104.3379352,71.7ft,Onions,10381.9401,15766464.53,0.051,120000,98181.81818,713955.6299,10.60011386,24.22905874,22035310.16,1123827.606,20,1.48
12111,561,ADAMS,39.87363358,-104.3379352,71.7ft,Onions,10381.9401,16597019.74,0.051,120000,98181.81818,128142.0395,9.325774291,24.22905874,22035310.16,1123827.606,24,1.56
11796,246,ADAMS,39.87363358,-104.3379352,71.7ft,Onions,10381.9401,15039728.72,0.051,120000,98181.81818,1226542.521,11.80319223,24.22905874,22035310.16,1123827.606,13,1.41
11964,414,ADAMS,39.87363358,-104.3379352,71.7ft,Onions,10381.9401,15870283.93,0.051,120000,98181.81818,640728.9311,10.43522486,24.22905874,22035310.16,1123827.606,20,1.49
12132,582,ADAMS,39.87363358,-104.3379352,71.7ft,Onions,10381.9401,16700839.14,0.051,120000,98181.81818,54915.34072,9.173341639,24.22905874,22035310.16,1123827.606,25,1.57
3163,13,ADAMS,39.87363358,-104.3379352,31.7ft,Onions,23861.1177,31900157.65,0.051,104000,65393.93939,2596809.879,11.87242248,23.71791175,49575983.42,2528436.625,10,1.3
3205,55,ADAMS,39.87363358,-104.3379352,31.7ft,Onions,23861.1177,32377380,0.051,104000,65393.93939,2260211.736,11.48064157,23.71791175,49575983.42,2528436.625,15,1.32
3226,76,ADAMS,39.87363358,-104.3379352,31.7ft,Onions,23861.1177,32615991.18,0.051,104000,65393.93939,2091912.664,11.28803839,23.71791175,49575983.42,2528436.625,17,1.33
3184,34,ADAMS,39.87363358,-104.3379352,31.7ft,Onions,23861.1177,32138768.82,0.051,104000,65393.93939,2428510.807,11.67541272,23.71791175,49575983.42,2528436.625,12,1.31
3247,97,ADAMS,39.87363358,-104.3379352,31.7ft,Onions,23861.1177,32854602.36,0.051,104000,65393.93939,1923613.593,11.09755411,23.71791175,49575983.42,2528436.625,19,1.34
3268,118,ADAMS,39.87363358,-104.3379352,31.7ft,Onions,23861.1177,33093213.53,0.051,104000,65393.93939,1755314.521,10.90917679,23.71791175,49575983.42,2528436.625,19,1.35
7489,139,ADAMS,39.87363358,-104.3379352,51.7ft,Onions,14660.2575,20496404.48,0.051,104000,80363.63636,1629998.417,11.77632497,24.10278982,30953732.02,1578678.16,12,1.36
7510,160,ADAMS,39.87363358,-104.3379352,51.7ft,Onions,14660.2575,20643007.05,0.051,104000,80363.63636,1526595.56,11.59027446,24.10278982,30953732.02,1578678.16,14,1.37
7531,181,ADAMS,39.87363358,-104.3379352,51.7ft,Onions,14660.2575,20789609.63,0.051,104000,80363.63636,1423192.704,11.40625775,24.10278982,30953732.02,1578678.16,16,1.38
7552,202,ADAMS,39.87363358,-104.3379352,51.7ft,Onions,14660.2575,20936212.2,0.051,104000,80363.63636,1319789.848,11.22421605,24.10278982,30953732.02,1578678.16,17,1.39
11815,265,ADAMS,39.87363358,-104.3379352,71.7ft,Onions,10381.9401,15143548.13,0.051,104000,85090.90909,1034562.997,11.37768117,24.22905874,22035310.16,1123827.606,16,1.42
11983,433,ADAMS,39.87363358,-104.3379352,71.7ft,Onions,10381.9401,15974103.33,0.051,104000,85090.90909,448749.4065,10.02512538,24.22905874,22035310.16,1123827.606,22,1.5
11836,286,ADAMS,39.87363358,-104.3379352,71.7ft,Onions,10381.9401,15247367.53,0.051,104000,85090.90909,961336.2981,11.20243057,24.22905874,22035310.16,1123827.606,18,1.43
12004,454,ADAMS,39.87363358,-104.3379352,71.7ft,Onions,10381.9401,16077922.73,0.051,104000,85090.90909,375522.7077,9.863663776,24.22905874,22035310.16,1123827.606,22,1.51
11857,307,ADAMS,39.87363358,-104.3379352,71.7ft,Onions,10381.9401,15351186.93,0.051,104000,85090.90909,888109.5993,11.02899988,24.22905874,22035310.16,1123827.606,19,1.44
12025,475,ADAMS,39.87363358,-104.3379352,71.7ft,Onions,10381.9401,16181742.14,0.051,104000,85090.90909,302296.0089,9.703751709,24.22905874,22035310.16,1123827.606,23,1.52
11878,328,ADAMS,39.87363358,-104.3379352,71.7ft,Onions,10381.9401,15455006.33,0.051,104000,85090.90909,814882.9005,10.85737803,24.22905874,22035310.16,1123827.606,19,1.45
12046,496,ADAMS,39.87363358,-104.3379352,71.7ft,Onions,10381.9401,16285561.54,0.051,104000,85090.90909,229069.3101,9.545438976,24.22905874,22035310.16,1123827.606,23,1.53
11899,349,ADAMS,39.87363358,-104.3379352,71.7ft,Onions,10381.9401,15558825.73,0.051,104000,85090.90909,741656.2017,10.68750776,24.22905874,22035310.16,1123827.606,20,1.46
12067,517,ADAMS,39.87363358,-104.3379352,71.7ft,Onions,10381.9401,16389380.94,0.051,104000,85090.90909,155842.6113,9.388665137,24.22905874,22035310.16,1123827.606,24,1.54
11920,370,ADAMS,39.87363358,-104.3379352,71.7ft,Onions,10381.9401,15662645.13,0.051,104000,85090.90909,668429.5029,10.51938954,24.22905874,22035310.16,1123827.606,20,1.47
12088,538,ADAMS,39.87363358,-104.3379352,71.7ft,Onions,10381.9401,16493200.34,0.051,104000,85090.90909,82615.91249,9.23338481,24.22905874,22035310.16,1123827.606,25,1.55
7573,223,ADAMS,39.87363358,-104.3379352,51.7ft,Onions,14660.2575,21082814.78,0.051,104000,80363.63636,1216386.991,11.04410695,24.10278982,30953732.02,1578678.16,19,1.4
11941,391,ADAMS,39.87363358,-104.3379352,71.7ft,Onions,10381.9401,15766464.53,0.051,104000,85090.90909,595202.8041,10.35295916,24.22905874,22035310.16,1123827.606,21,1.48
12109,559,ADAMS,39.87363358,-104.3379352,71.7ft,Onions,10381.9401,16597019.74,0.051,104000,85090.90909,9389.213688,9.079600741,24.22905874,22035310.16,1123827.606,25,1.56
7594,244,ADAMS,39.87363358,-104.3379352,51.7ft,Onions,14660.2575,21229417.35,0.051,104000,80363.63636,1112984.135,10.86591767,24.10278982,30953732.02,1578678.16,19,1.41
11962,412,ADAMS,39.87363358,-104.3379352,71.7ft,Onions,10381.9401,15870283.93,0.051,104000,85090.90909,521976.1053,10.18822352,24.22905874,22035310.16,1123827.606,21,1.49
3167,17,ADAMS,39.87363358,-104.3379352,31.7ft,Onions,23861.1177,31900157.65,0.051,136000,85515.15152,2779337.37,12.0543241,23.71791175,49575983.42,2528436.625,10,1.3
3209,59,ADAMS,39.87363358,-104.3379352,31.7ft,Onions,23861.1177,32377380,0.051,136000,85515.15152,2442739.227,11.66234435,23.71791175,49575983.42,2528436.625,12,1.32
3230,80,ADAMS,39.87363358,-104.3379352,31.7ft,Onions,23861.1177,32615991.18,0.051,136000,85515.15152,2274440.156,11.46965933,23.71791175,49575983.42,2528436.625,15,1.33
3188,38,ADAMS,39.87363358,-104.3379352,31.7ft,Onions,23861.1177,32138768.82,0.051,136000,85515.15152,2611038.299,11.85723209,23.71791175,49575983.42,2528436.625,10,1.31
3251,101,ADAMS,39.87363358,-104.3379352,31.7ft,Onions,23861.1177,32854602.36,0.051,136000,85515.15152,2106141.084,11.27910822,23.71791175,49575983.42,2528436.625,17,1.34
7472,122,ADAMS,39.87363358,-104.3379352,51.7ft,Onions,14660.2575,20349801.9,0.051,136000,105090.9091,1957712.166,12.30865775,24.10278982,30953732.02,1578678.16,10,1.35
7493,143,ADAMS,39.87363358,-104.3379352,51.7ft,Onions,14660.2575,20496404.48,0.051,136000,105090.9091,1854309.31,12.12028115,24.10278982,30953732.02,1578678.16,10,1.36
7514,164,ADAMS,39.87363358,-104.3379352,51.7ft,Onions,14660.2575,20643007.05,0.051,136000,105090.9091,1750906.454,11.9339926,24.10278982,30953732.02,1578678.16,11,1.37
7535,185,ADAMS,39.87363358,-104.3379352,51.7ft,Onions,14660.2575,20789609.63,0.051,136000,105090.9091,1647503.597,11.74972945,24.10278982,30953732.02,1578678.16,13,1.38
7556,206,ADAMS,39.87363358,-104.3379352,51.7ft,Onions,14660.2575,20936212.2,0.051,136000,105090.9091,1544100.741,11.56744389,24.10278982,30953732.02,1578678.16,15,1.39
11819,269,ADAMS,39.87363358,-104.3379352,71.7ft,Onions,10381.9401,15143548.13,0.051,136000,111272.7273,1272068.649,11.87098976,24.22905874,22035310.16,1123827.606,12,1.42
11987,437,ADAMS,39.87363358,-104.3379352,71.7ft,Onions,10381.9401,15974103.33,0.051,136000,111272.7273,686255.0581,10.51558736,24.22905874,22035310.16,1123827.606,20,1.5
12155,605,ADAMS,39.87363358,-104.3379352,71.7ft,Onions,10381.9401,16804658.54,0.051,136000,111272.7273,100441.4678,9.264903248,24.22905874,22035310.16,1123827.606,25,1.58
11840,290,ADAMS,39.87363358,-104.3379352,71.7ft,Onions,10381.9401,15247367.53,0.051,136000,111272.7273,1198841.95,11.69532899,24.22905874,22035310.16,1123827.606,14,1.43
12008,458,ADAMS,39.87363358,-104.3379352,71.7ft,Onions,10381.9401,16077922.73,0.051,136000,111272.7273,613028.3593,10.35380796,24.22905874,22035310.16,1123827.606,21,1.51
12176,626,ADAMS,39.87363358,-104.3379352,71.7ft,Onions,10381.9401,16908477.94,0.051,136000,111272.7273,27214.76896,9.115249016,24.22905874,22035310.16,1123827.606,25,1.59
11861,311,ADAMS,39.87363358,-104.3379352,71.7ft,Onions,10381.9401,15351186.93,0.051,136000,111272.7273,1125615.251,11.5215023,24.22905874,22035310.16,1123827.606,16,1.44
12029,479,ADAMS,39.87363358,-104.3379352,71.7ft,Onions,10381.9401,16181742.14,0.051,136000,111272.7273,539801.6605,10.19365328,24.22905874,22035310.16,1123827.606,21,1.52
11882,332,ADAMS,39.87363358,-104.3379352,71.7ft,Onions,10381.9401,15455006.33,0.051,136000,111272.7273,1052388.552,11.34950362,24.22905874,22035310.16,1123827.606,17,1.45
12050,500,ADAMS,39.87363358,-104.3379352,71.7ft,Onions,10381.9401,16285561.54,0.051,136000,111272.7273,466574.9617,10.03506684,24.22905874,22035310.16,1123827.606,22,1.53
11903,353,ADAMS,39.87363358,-104.3379352,71.7ft,Onions,10381.9401,15558825.73,0.051,136000,111272.7273,979161.8533,11.17926638,24.22905874,22035310.16,1123827.606,19,1.46
12071,521,ADAMS,39.87363358,-104.3379352,71.7ft,Onions,10381.9401,16389380.94,0.051,136000,111272.7273,393348.2629,9.878044787,24.22905874,22035310.16,1123827.606,22,1.54
11924,374,ADAMS,39.87363358,-104.3379352,71.7ft,Onions,10381.9401,15662645.13,0.051,136000,111272.7273,905935.1545,11.01080369,24.22905874,22035310.16,1123827.606,19,1.47
12092,542,ADAMS,39.87363358,-104.3379352,71.7ft,Onions,10381.9401,16493200.34,0.051,136000,111272.7273,320121.5641,9.722517465,24.22905874,22035310.16,1123827.606,23,1.55
7577,227,ADAMS,39.87363358,-104.3379352,51.7ft,Onions,14660.2575,21082814.78,0.051,136000,105090.9091,1440697.885,11.38712999,24.10278982,30953732.02,1578678.16,16,1.4
11945,395,ADAMS,39.87363358,-104.3379352,71.7ft,Onions,10381.9401,15766464.53,0.051,136000,111272.7273,832708.4557,10.84405479,24.22905874,22035310.16,1123827.606,19,1.48
12113,563,ADAMS,39.87363358,-104.3379352,71.7ft,Onions,10381.9401,16597019.74,0.051,136000,111272.7273,246894.8654,9.568516632,24.22905874,22035310.16,1123827.606,23,1.56
11798,248,ADAMS,39.87363358,-104.3379352,71.7ft,Onions,10381.9401,15039728.72,0.051,136000,111272.7273,1345295.347,12.04852746,24.22905874,22035310.16,1123827.606,11,1.41
11966,416,ADAMS,39.87363358,-104.3379352,71.7ft,Onions,10381.9401,15870283.93,0.051,136000,111272.7273,759481.7569,10.67898231,24.22905874,22035310.16,1123827.606,20,1.49
12134,584,ADAMS,39.87363358,-104.3379352,71.7ft,Onions,10381.9401,16700839.14,0.051,136000,111272.7273,173668.1666,9.415992073,24.22905874,22035310.16,1123827.606,24,1.57
3161,11,ADAMS,39.87363358,-104.3379352,31.7ft,Onions,23861.1177,31900157.65,0.051,88000,55333.33333,2505546.133,11.78082051,23.71791175,49575983.42,2528436.625,10,1.3
3203,53,ADAMS,39.87363358,-104.3379352,31.7ft,Onions,23861.1177,32377380,0.051,88000,55333.33333,2168947.99,11.38912602,23.71791175,49575983.42,2528436.625,16,1.32
3224,74,ADAMS,39.87363358,-104.3379352,31.7ft,Onions,23861.1177,32615991.18,0.051,88000,55333.33333,2000648.918,11.19654242,23.71791175,49575983.42,2528436.625,17,1.33
3182,32,ADAMS,39.87363358,-104.3379352,31.7ft,Onions,23861.1177,32138768.82,0.051,88000,55333.33333,2337247.061,11.58385912,23.71791175,49575983.42,2528436.625,13,1.31
3245,95,ADAMS,39.87363358,-104.3379352,31.7ft,Onions,23861.1177,32854602.36,0.051,88000,55333.33333,1832349.847,11.00611099,23.71791175,49575983.42,2528436.625,19,1.34
3266,116,ADAMS,39.87363358,-104.3379352,31.7ft,Onions,23861.1177,33093213.53,0.051,88000,55333.33333,1664050.776,10.8177614,23.71791175,49575983.42,2528436.625,19,1.35
7487,137,ADAMS,39.87363358,-104.3379352,51.7ft,Onions,14660.2575,20496404.48,0.051,88000,68000,1517842.97,11.60203388,24.10278982,30953732.02,1578678.16,14,1.36
7508,158,ADAMS,39.87363358,-104.3379352,51.7ft,Onions,14660.2575,20643007.05,0.051,88000,68000,1414440.114,11.41610991,24.10278982,30953732.02,1578678.16,16,1.37
7529,179,ADAMS,39.87363358,-104.3379352,51.7ft,Onions,14660.2575,20789609.63,0.051,88000,68000,1311037.257,11.23219151,24.10278982,30953732.02,1578678.16,17,1.38
7550,200,ADAMS,39.87363358,-104.3379352,51.7ft,Onions,14660.2575,20936212.2,0.051,88000,68000,1207634.401,11.0502354,24.10278982,30953732.02,1578678.16,19,1.39
11813,263,ADAMS,39.87363358,-104.3379352,71.7ft,Onions,10381.9401,15143548.13,0.051,88000,72000,915810.171,11.12626306,24.22905874,22035310.16,1123827.606,19,1.42
11981,431,ADAMS,39.87363358,-104.3379352,71.7ft,Onions,10381.9401,15974103.33,0.051,88000,72000,329996.5806,9.774848921,24.22905874,22035310.16,1123827.606,22,1.5
11834,284,ADAMS,39.87363358,-104.3379352,71.7ft,Onions,10381.9401,15247367.53,0.051,88000,72000,842583.4722,10.9511862,24.22905874,22035310.16,1123827.606,19,1.43
12002,452,ADAMS,39.87363358,-104.3379352,71.7ft,Onions,10381.9401,16077922.73,0.051,88000,72000,256769.8818,9.61348297,24.22905874,22035310.16,1123827.606,23,1.51
11855,305,ADAMS,39.87363358,-104.3379352,71.7ft,Onions,10381.9401,15351186.93,0.051,88000,72000,769356.7734,10.77792588,24.22905874,22035310.16,1123827.606,19,1.44
12023,473,ADAMS,39.87363358,-104.3379352,71.7ft,Onions,10381.9401,16181742.14,0.051,88000,72000,183543.183,9.453704549,24.22905874,22035310.16,1123827.606,24,1.52
11876,326,ADAMS,39.87363358,-104.3379352,71.7ft,Onions,10381.9401,15455006.33,0.051,88000,72000,696130.0746,10.60644662,24.22905874,22035310.16,1123827.606,20,1.45
12044,494,ADAMS,39.87363358,-104.3379352,71.7ft,Onions,10381.9401,16285561.54,0.051,88000,72000,110316.4842,9.295473962,24.22905874,22035310.16,1123827.606,24,1.53
11897,347,ADAMS,39.87363358,-104.3379352,71.7ft,Onions,10381.9401,15558825.73,0.051,88000,72000,622903.3758,10.43673492,24.22905874,22035310.16,1123827.606,20,1.46
12065,515,ADAMS,39.87363358,-104.3379352,71.7ft,Onions,10381.9401,16389380.94,0.051,88000,72000,37089.78545,9.138780162,24.22905874,22035310.16,1123827.606,25,1.54
11918,368,ADAMS,39.87363358,-104.3379352,71.7ft,Onions,10381.9401,15662645.13,0.051,88000,72000,549676.677,10.26874313,24.22905874,22035310.16,1123827.606,21,1.47
7571,221,ADAMS,39.87363358,-104.3379352,51.7ft,Onions,14660.2575,21082814.78,0.051,88000,68000,1104231.545,10.87022852,24.10278982,30953732.02,1578678.16,19,1.4
11939,389,ADAMS,39.87363358,-104.3379352,71.7ft,Onions,10381.9401,15766464.53,0.051,88000,72000,476449.9782,10.10244843,24.22905874,22035310.16,1123827.606,21,1.48
7592,242,ADAMS,39.87363358,-104.3379352,51.7ft,Onions,14660.2575,21229417.35,0.051,88000,68000,1000828.689,10.69210916,24.10278982,30953732.02,1578678.16,20,1.41
11960,410,ADAMS,39.87363358,-104.3379352,71.7ft,Onions,10381.9401,15870283.93,0.051,88000,72000,403223.2794,9.937834785,24.22905874,22035310.16,1123827.606,22,1.49
3169,19,ADAMS,39.87363358,-104.3379352,31.7ft,Onions,23861.1177,31900157.65,0.051,152000,95575.75758,2870601.116,12.14463812,23.71791175,49575983.42,2528436.625,10,1.3
3211,61,ADAMS,39.87363358,-104.3379352,31.7ft,Onions,23861.1177,32377380,0.051,152000,95575.75758,2534002.973,11.75256787,23.71791175,49575983.42,2528436.625,11,1.32
3232,82,ADAMS,39.87363358,-104.3379352,31.7ft,Onions,23861.1177,32615991.18,0.051,152000,95575.75758,2365703.902,11.55981521,23.71791175,49575983.42,2528436.625,14,1.33
3190,40,ADAMS,39.87363358,-104.3379352,31.7ft,Onions,23861.1177,32138768.82,0.051,152000,95575.75758,2702302.044,11.94749151,23.71791175,49575983.42,2528436.625,10,1.31
3253,103,ADAMS,39.87363358,-104.3379352,31.7ft,Onions,23861.1177,32854602.36,0.051,152000,95575.75758,2197404.83,11.36922042,23.71791175,49575983.42,2528436.625,16,1.34
7474,124,ADAMS,39.87363358,-104.3379352,51.7ft,Onions,14660.2575,20349801.9,0.051,152000,117454.5455,2069867.613,12.47859079,24.10278982,30953732.02,1578678.16,10,1.35
7495,145,ADAMS,39.87363358,-104.3379352,51.7ft,Onions,14660.2575,20496404.48,0.051,152000,117454.5455,1966464.757,12.29007781,24.10278982,30953732.02,1578678.16,10,1.36
7516,166,ADAMS,39.87363358,-104.3379352,51.7ft,Onions,14660.2575,20643007.05,0.051,152000,117454.5455,1863061.9,12.1036227,24.10278982,30953732.02,1578678.16,10,1.37
7537,187,ADAMS,39.87363358,-104.3379352,51.7ft,Onions,14660.2575,20789609.63,0.051,152000,117454.5455,1759659.044,11.91922289,24.10278982,30953732.02,1578678.16,11,1.38
7558,208,ADAMS,39.87363358,-104.3379352,51.7ft,Onions,14660.2575,20936212.2,0.051,152000,117454.5455,1656256.188,11.73681745,24.10278982,30953732.02,1578678.16,13,1.39
11821,271,ADAMS,39.87363358,-104.3379352,71.7ft,Onions,10381.9401,15143548.13,0.051,152000,124363.6364,1390821.474,12.1131603,24.22905874,22035310.16,1123827.606,11,1.42
11989,439,ADAMS,39.87363358,-104.3379352,71.7ft,Onions,10381.9401,15974103.33,0.051,152000,124363.6364,805007.884,10.75608246,24.22905874,22035310.16,1123827.606,20,1.5
12157,607,ADAMS,39.87363358,-104.3379352,71.7ft,Onions,10381.9401,16804658.54,0.051,152000,124363.6364,219194.2936,9.504155795,24.22905874,22035310.16,1123827.606,24,1.58
11842,292,ADAMS,39.87363358,-104.3379352,71.7ft,Onions,10381.9401,15247367.53,0.051,152000,124363.6364,1317594.776,11.93726516,24.22905874,22035310.16,1123827.606,12,1.43
12010,460,ADAMS,39.87363358,-104.3379352,71.7ft,Onions,10381.9401,16077922.73,0.051,152000,124363.6364,731781.1852,10.59412976,24.22905874,22035310.16,1123827.606,20,1.51
12178,628,ADAMS,39.87363358,-104.3379352,71.7ft,Onions,10381.9401,16908477.94,0.051,152000,124363.6364,145967.5948,9.354387559,24.22905874,22035310.16,1123827.606,24,1.59
11863,313,ADAMS,39.87363358,-104.3379352,71.7ft,Onions,10381.9401,15351186.93,0.051,152000,124363.6364,1244368.077,11.76322117,24.22905874,22035310.16,1123827.606,14,1.44
12031,481,ADAMS,39.87363358,-104.3379352,71.7ft,Onions,10381.9401,16181742.14,0.051,152000,124363.6364,658554.4864,10.43379793,24.22905874,22035310.16,1123827.606,20,1.52
12199,649,ADAMS,39.87363358,-104.3379352,71.7ft,Onions,10381.9401,17012297.34,0.051,152000,124363.6364,72740.89599,9.206002577,24.22905874,22035310.16,1123827.606,25,1.6
11884,334,ADAMS,39.87363358,-104.3379352,71.7ft,Onions,10381.9401,15455006.33,0.051,152000,124363.6364,1171141.378,11.59098275,24.22905874,22035310.16,1123827.606,15,1.45
12052,502,ADAMS,39.87363358,-104.3379352,71.7ft,Onions,10381.9401,16285561.54,0.051,152000,124363.6364,585327.7876,10.27504287,24.22905874,22035310.16,1123827.606,21,1.53
13270,670,ADAMS,39.87363358,-104.3379352,76.7ft,Onions,9762.4926,16096772.57,0.051,152000,117454.5455,457.7095803,9.060959531,24.21940647,20712299.62,1056352.452,25,1.61
11905,355,ADAMS,39.87363358,-104.3379352,71.7ft,Onions,10381.9401,15558825.73,0.051,152000,124363.6364,1097914.679,11.420553,24.22905874,22035310.16,1123827.606,16,1.46
12073,523,ADAMS,39.87363358,-104.3379352,71.7ft,Onions,10381.9401,16389380.94,0.051,152000,124363.6364,512101.0888,10.11784226,24.22905874,22035310.16,1123827.606,21,1.54
11926,376,ADAMS,39.87363358,-104.3379352,71.7ft,Onions,10381.9401,15662645.13,0.051,152000,124363.6364,1024687.98,11.25187721,24.22905874,22035310.16,1123827.606,18,1.47
12094,544,ADAMS,39.87363358,-104.3379352,71.7ft,Onions,10381.9401,16493200.34,0.051,152000,124363.6364,438874.39,9.962192499,24.22905874,22035310.16,1123827.606,22,1.55
7579,229,ADAMS,39.87363358,-104.3379352,51.7ft,Onions,14660.2575,21082814.78,0.051,152000,117454.5455,1552853.331,11.55635965,24.10278982,30953732.02,1578678.16,15,1.4
11947,397,ADAMS,39.87363358,-104.3379352,71.7ft,Onions,10381.9401,15766464.53,0.051,152000,124363.6364,951461.2816,11.08491549,24.22905874,22035310.16,1123827.606,19,1.48
12115,565,ADAMS,39.87363358,-104.3379352,71.7ft,Onions,10381.9401,16597019.74,0.051,152000,124363.6364,365647.6912,9.808036545,24.22905874,22035310.16,1123827.606,22,1.56
11800,250,ADAMS,39.87363358,-104.3379352,71.7ft,Onions,10381.9401,15039728.72,0.051,152000,124363.6364,1464048.173,12.29096558,24.22905874,22035310.16,1123827.606,10,1.41
11968,418,ADAMS,39.87363358,-104.3379352,71.7ft,Onions,10381.9401,15870283.93,0.051,152000,124363.6364,878234.5828,10.91966703,24.22905874,22035310.16,1123827.606,19,1.49
12136,586,ADAMS,39.87363358,-104.3379352,71.7ft,Onions,10381.9401,16700839.14,0.051,152000,124363.6364,292420.9924,9.655352878,24.22905874,22035310.16,1123827.606,23,1.57
